<?xml version="1.0" encoding="utf-8"?>
<!-- BINGIE -->
<window id="1115">
    <defaultcontrol always="true">77777</defaultcontrol>
    <menucontrol>900</menucontrol>
    <onload>AlarmClock(focusWidgets,SetFocus(77777),00:00,silent)</onload>
    <include>CustomBingieWinProps</include>
    <include>BingieViews_WindowOpen_Fade</include>
    <controls>
		<include>Defs_TMDbHelper_Loader</include>
		<include>HiddenTop250</include>
        <!-- fake go-to-fullscreen button -->
        <control type="button" id="509">
            <visible allowhiddenfocus="true">false</visible>
            <onfocus>FullScreen</onfocus>
        </control>
        <include>GlobalBackground</include>
        <!-- hidden submenu for count calculations -->
        <include condition="!Skin.HasSetting(DisableAllSubmenus)">hiddenSubmenu</include>
        <include>HomeBingie</include>       
        <!-- Loading Suggestions -->
        <include content="Busy_Spinner">
            <param name="centerleft" value="50%"/>
            <param name="centertop" value="50%"/>
            <param name="visibility" value="Container(1510).IsUpdating + !Integer.IsGreater(Container(1510).NumItems,0)"/>
            <param name="size" value="100"/>
        </include>
        <include condition="Skin.HasSetting(DebugGrid) | Skin.HasSetting(DebugInfo)">DebugInfo</include>
    </controls>
</window>
