<?xml version="1.0" encoding="utf-8"?>
<!-- BINGIE -->
<window>
    <defaultcontrol always="true">29</defaultcontrol>
	
    <controls>
       <!--Dialog Overlay-->
		<include>DialogOverlayExtra</include>
        <!--Dialog PVR Group Manager-->
        <control type="group">
            <include>animation_window_open_close</include>
            <control type="group">
                <visible>!Window.IsVisible(virtualkeyboard) + !Window.IsVisible(FileBrowser) + !Window.IsVisible(yesnodialog) + !Window.IsVisible(okdialog)</visible>
				
				<control type="image">
					<!--Panel-->
					<posx>307</posx>
                    <posy>100</posy>
                    <width>1296</width>
                    <height>860</height>
					<texture border="15">diffuse/bgpanel.png</texture>
					
					<colordiffuse>$INFO[Skin.String(GeneralPanelsColor)]</colordiffuse>
				</control>
				<control type="image">
					<!--Panel-->
					<posx>307</posx>
                    <posy>100</posy>
                    <width>1296</width>
                    <height>860</height>
					<bordersize>10</bordersize>
					<texture border="15">diffuse/bgpanel.png</texture>
					
					<colordiffuse>$INFO[Skin.String(GeneralPanelsColor)]</colordiffuse>
				</control>

                <!-- Header-->
                <control type="label">
                    <posx>473</posx>
                    <posy>120</posy>
                    <width>974</width>
                    <include>DialogHeader</include>
                    <label>$LOCALIZE[19143]</label>
                    <align>center</align>
                </control>
                <control type="group">
                    <!--LEFT: Group List -->
                    <posx>336</posx>
                    <posy>220</posy>
                    <control type="label">
                        <posx>0</posx>
                        <posy>0</posy>
                        <width>400</width>
                        <height>34</height>
                        <align>left</align>
                        <textoffsetx>20</textoffsetx>
                        <label>19141</label>
                        <include>DialogButton</include>
                    </control>
                    <control type="image">
                        <posx>0</posx>
                        <posy>40</posy>
                        <width>400</width>
                        <height>601</height>
                        <texture border="5">dialogs/default/inner.png</texture>
                    </control>
                    <control type="list" id="13">
                        <posx>0</posx>
                        <posy>40</posy>
                        <width>400</width>
                        <height>600</height>
                        <onleft>29</onleft>
                        <onright>60</onright>
                        <onup>13</onup>
                        <ondown>9000</ondown>
                        <scrolltime tween="cubic" easing="out">500</scrolltime>
                        <pagecontrol>60</pagecontrol>
                        <itemlayout height="60">
                            <control type="image">
                                <posx>0</posx>
                                <posy>1</posy>
                                <width>400</width>
                                <height>60</height>
                                <texture>dialogs/default/separator.png</texture>
                            </control>
                            <control type="label">
                                <posx>20</posx>
                                <posy>0</posy>
                                <width>360</width>
                                <height>60</height>
                                <info>ListItem.Label</info>
                                <include>DialogListNF</include>
                            </control>
                        </itemlayout>
                        <focusedlayout height="60">
                            <control type="group">
                                <visible>!Control.HasFocus(13)</visible>
                                <control type="image">
                                    <posx>0</posx>
                                    <posy>1</posy>
                                    <width>400</width>
                                    <height>60</height>
                                    <texture>dialogs/default/separator.png</texture>
                                </control>
                                <control type="label">
                                    <posx>20</posx>
                                    <posy>0</posy>
                                    <width>310</width>
                                    <height>60</height>
                                    <info>ListItem.Label</info>
                                    <include>DialogListNF</include>
                                </control>
                                <control type="image">
                                    <posx>345</posx>
                                    <posy>10</posy>
                                    <width>40</width>
                                    <height>40</height>
                                    <texture>common/checkbox.png</texture>
									<colordiffuse>$INFO[Skin.String(ViewDetailsTextColor)]</colordiffuse>
                                </control>
                            </control>
                            <control type="group">
                                <visible>Control.HasFocus(13)</visible>
                                <control type="image">
                                    <posx>0</posx>
                                    <posy>0</posy>
                                    <width>400</width>
                                    <height>60</height>
                                    <texture border="10">diffuse/panel.png</texture><colordiffuse>$INFO[Skin.String(ButtonFocusColor)]</colordiffuse>
                                </control>
                                <control type="label">
                                    <posx>20</posx>
                                    <posy>0</posy>
                                    <width>360</width>
                                    <height>60</height>
                                    <info>ListItem.Label</info>
                                    <include>DialogListFO</include>
                                </control>
                            </control>
                        </focusedlayout>
                    </control>
                    <control type="image" id="62">
                        <animation effect="fade" start="100" end="0" time="0" delay="1500">WindowOpen</animation>
                    </control>
                    <control type="image" id="61">
                        <animation effect="fade" start="0" end="100" time="0">Visible</animation>
                        <animation effect="fade" start="100" end="0" time="0">Hidden</animation>
                        <visible>Control.HasFocus(60) | !Control.IsVisible(62)</visible>
                    </control>
                    <control type="image" id="61">
                        <animation effect="fade" start="0" end="100" time="0">Visible</animation>
                        <animation effect="fade" start="100" end="0" time="0" delay="1500">Hidden</animation>
                        <visible>!Control.HasFocus(60) + [Container(13).Scrolling | Container(13).OnScrollNext | Container(13).OnScrollPrevious]</visible>
                    </control>
                    <control type="scrollbar" id="60">
						<texturesliderbackground border="5" colordiffuse="$INFO[Skin.String(ScrollbarBackgroundColor)]">scrollbar/texturesliderbar_small.png</texturesliderbackground>
						<texturesliderbar colordiffuse="$INFO[Skin.String(ScrollbarUnfocusedColor)]" border="5">scrollbar/texturesliderbar_small.png</texturesliderbar>
						<texturesliderbarfocus colordiffuse="$INFO[Skin.String(ScrollbarFocusedColor)]" border="5">scrollbar/texturesliderbar_small.png</texturesliderbarfocus>
						<textureslidernib colordiffuse="$INFO[Skin.String(ScrollbarUnfocusedColor)]">scrollbar/texturesliderbar_nib.png</textureslidernib>
						<textureslidernibfocus colordiffuse="$INFO[Skin.String(ScrollbarFocusedColor)]">scrollbar/texturesliderbar_nib.png</textureslidernibfocus>
                        <posx>404</posx>
                        <posy>42</posy>
                        <height>597</height>
						<width>11</width>
                        <onleft>13</onleft>
                        <onright>11</onright>
                        <ondown>60</ondown>
                        <onup>60</onup>
                        <showonepage>false</showonepage>
                        <orientation>vertical</orientation>
                        <animation effect="fade" start="75" end="0" time="300" tween="sine" easing="inout" condition="!Control.IsVisible(61)">Conditional</animation>
                    </control>
                </control>
                <control type="group">
                    <!--MIDDLE: Channels List -->
                    <posx>755</posx>
                    <posy>220</posy>
                    <control type="label" id="21">
                        <description>Name label</description>
                        <posx>0</posx>
                        <posy>0</posy>
                        <width>400</width>
                        <height>34</height>
                        <align>left</align>
                        <textoffsetx>20</textoffsetx>
                        <include>DialogButton</include>
                    </control>
                    <control type="image">
                        <posx>0</posx>
                        <posy>40</posy>
                        <width>400</width>
                        <height>601</height>
                        <texture border="5">dialogs/default/inner.png</texture>
                    </control>
                    <control type="list" id="11">
                        <posx>0</posx>
                        <posy>40</posy>
                        <width>400</width>
                        <height>600</height>
                        <onleft>60</onleft>
                        <onright>70</onright>
                        <onup>11</onup>
                        <ondown>9000</ondown>
                        <scrolltime tween="cubic" easing="out">500</scrolltime>
                        <pagecontrol>70</pagecontrol>
                        <itemlayout height="60">
                            <control type="image">
                                <posx>0</posx>
                                <posy>1</posy>
                                <width>400</width>
                                <height>60</height>
                                <texture>dialogs/default/separator.png</texture>
                            </control>
                            <control type="label">
                                <posx>70</posx>
                                <posy>0</posy>
                                <width>310</width>
                                <height>60</height>
                                <label>$INFO[ListItem.ChannelNumberLabel,(,) ]$INFO[ListItem.ChannelName]</label>
                                <include>DialogLabel</include>
                            </control>
                            <control type="image">
                                <posx>10</posx>
                                <posy>10</posy>
                                <width>40</width>
                                <height>40</height>
                                <texture background="true">$INFO[ListItem.Icon]</texture>
                            </control>
                        </itemlayout>
                        <focusedlayout height="60">
                            <control type="group">
                                <visible>!Control.HasFocus(11)</visible>
                                <control type="image">
                                    <posx>0</posx>
                                    <posy>1</posy>
                                    <width>400</width>
                                    <height>60</height>
                                    <texture>dialogs/default/separator.png</texture>
                                </control>
                                <control type="label">
                                    <posx>70</posx>
                                    <posy>0</posy>
                                    <width>260</width>
                                    <height>60</height>
                                    <label>$INFO[ListItem.ChannelNumberLabel,(,) ]$INFO[ListItem.ChannelName]</label>
                                    <include>DialogListNF</include>
                                </control>
                                <control type="image">
                                    <posx>10</posx>
                                    <posy>10</posy>
                                    <width>40</width>
                                    <height>40</height>
                                    <texture background="true">$INFO[ListItem.Icon]</texture>
                                </control>
                                <control type="image">
                                    <posx>345</posx>
                                    <posy>10</posy>
                                    <width>40</width>
                                    <height>40</height>
                                    <texture>common/checkbox.png</texture>
							<colordiffuse>$INFO[Skin.String(ViewDetailsTextColor)]</colordiffuse>
                                </control>
                            </control>
                            <control type="group">
                                <visible>Control.HasFocus(11)</visible>
                                <control type="image">
                                    <posx>0</posx>
                                    <posy>0</posy>
                                    <width>400</width>
                                    <height>60</height>
                                    <texture border="10">diffuse/panel.png</texture><colordiffuse>$INFO[Skin.String(ButtonFocusColor)]</colordiffuse>
                                </control>
                                <control type="label">
                                    <posx>70</posx>
                                    <posy>0</posy>
                                    <width>310</width>
                                    <height>60</height>
                                    <label>$INFO[ListItem.ChannelNumberLabel,(,) ]$INFO[ListItem.ChannelName]</label>
                                    <include>DialogListFO</include>
                                </control>
                                <control type="image">
                                    <posx>10</posx>
                                    <posy>10</posy>
                                    <width>40</width>
                                    <height>40</height>
                                    <texture background="true">$INFO[ListItem.Icon]</texture>
                                </control>
                            </control>
                        </focusedlayout>
                    </control>
                    <control type="image" id="72">
                        <animation effect="fade" start="100" end="0" time="0" delay="1500">WindowOpen</animation>
                    </control>
                    <control type="image" id="71">
                        <animation effect="fade" start="0" end="100" time="0">Visible</animation>
                        <animation effect="fade" start="100" end="0" time="0">Hidden</animation>
                        <visible>Control.HasFocus(70) | !Control.IsVisible(72)</visible>
                    </control>
                    <control type="image" id="71">
                        <animation effect="fade" start="0" end="100" time="0">Visible</animation>
                        <animation effect="fade" start="100" end="0" time="0" delay="1500">Hidden</animation>
                        <visible>!Control.HasFocus(70) + [Container(11).Scrolling | Container(11).OnScrollNext | Container(11).OnScrollPrevious]</visible>
                    </control>
                    <control type="scrollbar" id="70">
						<texturesliderbackground border="5" colordiffuse="$INFO[Skin.String(ScrollbarBackgroundColor)]">scrollbar/texturesliderbar_small.png</texturesliderbackground>
						<texturesliderbar colordiffuse="$INFO[Skin.String(ScrollbarUnfocusedColor)]" border="5">scrollbar/texturesliderbar_small.png</texturesliderbar>
						<texturesliderbarfocus colordiffuse="$INFO[Skin.String(ScrollbarFocusedColor)]" border="5">scrollbar/texturesliderbar_small.png</texturesliderbarfocus>
						<textureslidernib colordiffuse="$INFO[Skin.String(ScrollbarUnfocusedColor)]">scrollbar/texturesliderbar_nib.png</textureslidernib>
						<textureslidernibfocus colordiffuse="$INFO[Skin.String(ScrollbarFocusedColor)]">scrollbar/texturesliderbar_nib.png</textureslidernibfocus>
                        <posx>404</posx>
                        <posy>42</posy>
                        <height>597</height>
						<width>11</width>
                        <onleft>11</onleft>
                        <onright>12</onright>
                        <ondown>70</ondown>
                        <onup>70</onup>
                        <showonepage>false</showonepage>
                        <orientation>vertical</orientation>
                        <animation effect="fade" start="75" end="0" time="300" tween="sine" easing="inout" condition="!Control.IsVisible(71)">Conditional</animation>
                    </control>
                </control>
                <control type="group">
                    <!--RIGHT: Grouped Channels List -->
                    <posx>1174</posx>
                    <posy>220</posy>
                    <control type="label" id="22">
                        <description>Name label</description>
                        <posx>0</posx>
                        <posy>0</posy>
                        <width>400</width>
                        <height>34</height>
                        <align>left</align>
                        <textoffsetx>20</textoffsetx>
                        <include>DialogButton</include>
                    </control>
                    <control type="image">
                        <posx>0</posx>
                        <posy>40</posy>
                        <width>400</width>
                        <height>601</height>
                        <texture border="5">dialogs/default/inner.png</texture>
                    </control>
                    <control type="list" id="12">
                        <posx>0</posx>
                        <posy>40</posy>
                        <width>400</width>
                        <height>600</height>
                        <onleft>70</onleft>
                        <onright>80</onright>
                        <onup>12</onup>
                        <ondown>9000</ondown>
                        <scrolltime tween="cubic" easing="out">500</scrolltime>
                        <pagecontrol>80</pagecontrol>
                        <itemlayout height="60">
                            <control type="image">
                                <posx>0</posx>
                                <posy>1</posy>
                                <width>400</width>
                                <height>60</height>
                                <texture>dialogs/default/separator.png</texture>
                            </control>
                            <control type="label">
                                <posx>70</posx>
                                <posy>0</posy>
                                <width>310</width>
                                <height>60</height>
                                <label>$INFO[ListItem.ChannelNumberLabel,(,) ]$INFO[ListItem.ChannelName]</label>
                                <include>DialogListNF</include>
                            </control>
                            <control type="image">
                                <posx>10</posx>
                                <posy>10</posy>
                                <width>40</width>
                                <height>40</height>
                                <texture background="true">$INFO[ListItem.Icon]</texture>
                            </control>
                        </itemlayout>
                        <focusedlayout height="60">
                            <control type="group">
                                <visible>!Control.HasFocus(12)</visible>
                                <control type="image">
                                    <posx>0</posx>
                                    <posy>1</posy>
                                    <width>400</width>
                                    <height>60</height>
                                    <texture>dialogs/default/separator.png</texture>
                                </control>
                                <control type="label">
                                    <posx>70</posx>
                                    <posy>0</posy>
                                    <width>260</width>
                                    <height>60</height>
                                    <label>$INFO[ListItem.ChannelNumberLabel,(,) ]$INFO[ListItem.ChannelName]</label>
                                    <include>DialogListNF</include>
                                </control>
                                <control type="image">
                                    <posx>10</posx>
                                    <posy>10</posy>
                                    <width>40</width>
                                    <height>40</height>
                                    <texture background="true">$INFO[ListItem.Icon]</texture>
                                </control>
                                <control type="image">
                                    <posx>345</posx>
                                    <posy>10</posy>
                                    <width>40</width>
                                    <height>40</height>
                                    <texture>common/checkbox.png</texture>
									<colordiffuse>$INFO[Skin.String(ViewDetailsTextColor)]</colordiffuse>
                                </control>
                            </control>
                            <control type="group">
                                <visible>Control.HasFocus(12)</visible>
                                <control type="image">
                                    <posx>0</posx>
                                    <posy>0</posy>
                                    <width>400</width>
                                    <height>60</height>
                                    <texture border="10">diffuse/panel.png</texture><colordiffuse>$INFO[Skin.String(ButtonFocusColor)]</colordiffuse>
                                </control>
                                <control type="label">
                                    <posx>70</posx>
                                    <posy>0</posy>
                                    <width>310</width>
                                    <height>60</height>
                                    <label>$INFO[ListItem.ChannelNumberLabel,(,) ]$INFO[ListItem.ChannelName]</label>
                                    <include>DialogListFO</include>
                                </control>
                                <control type="image">
                                    <posx>10</posx>
                                    <posy>10</posy>
                                    <width>40</width>
                                    <height>40</height>
                                    <texture background="true">$INFO[ListItem.Icon]</texture>
                                </control>
                            </control>
                        </focusedlayout>
                    </control>
                    <control type="image" id="82">
                        <animation effect="fade" start="100" end="0" time="0" delay="1500">WindowOpen</animation>
                    </control>
                    <control type="image" id="81">
                        <animation effect="fade" start="0" end="100" time="0">Visible</animation>
                        <animation effect="fade" start="100" end="0" time="0">Hidden</animation>
                        <visible>Control.HasFocus(80) | !Control.IsVisible(82)</visible>
                    </control>
                    <control type="image" id="81">
                        <animation effect="fade" start="0" end="100" time="0">Visible</animation>
                        <animation effect="fade" start="100" end="0" time="0" delay="1500">Hidden</animation>
                        <visible>!Control.HasFocus(80) + [Container(12).Scrolling | Container(12).OnScrollNext | Container(12).OnScrollPrevious]</visible>
                    </control>
                    <control type="scrollbar" id="80">
						<texturesliderbackground border="5" colordiffuse="$INFO[Skin.String(ScrollbarBackgroundColor)]">scrollbar/texturesliderbar_small.png</texturesliderbackground>
						<texturesliderbar colordiffuse="$INFO[Skin.String(ScrollbarUnfocusedColor)]" border="5">scrollbar/texturesliderbar_small.png</texturesliderbar>
						<texturesliderbarfocus colordiffuse="$INFO[Skin.String(ScrollbarFocusedColor)]" border="5">scrollbar/texturesliderbar_small.png</texturesliderbarfocus>
						<textureslidernib colordiffuse="$INFO[Skin.String(ScrollbarUnfocusedColor)]">scrollbar/texturesliderbar_nib.png</textureslidernib>
						<textureslidernibfocus colordiffuse="$INFO[Skin.String(ScrollbarFocusedColor)]">scrollbar/texturesliderbar_nib.png</textureslidernibfocus>
                        <posx>404</posx>
                        <posy>42</posy>
                        <height>597</height>
						<width>11</width>
                        <onleft>12</onleft>
                        <onright>26</onright>
                        <ondown>80</ondown>
                        <onup>80</onup>
                        <showonepage>false</showonepage>
                        <orientation>vertical</orientation>
                        <animation effect="fade" start="75" end="0" time="300" tween="sine" easing="inout" condition="!Control.IsVisible(81)">Conditional</animation>
                    </control>
                </control>
                <control type="grouplist" id="9000">
                    <!--Button Grouplist-->
                    <posx>328</posx>
                    <posy>870</posy>
                    <width>1254</width>
                    <height>100</height>
                    <itemgap>18</itemgap>
                    <align>left</align>
                    <orientation>horizontal</orientation>
                    <onleft>72</onleft>
                    <onright>13</onright>
                    <onup>13</onup>
                    <ondown>13</ondown>
                    <control type="togglebutton" id="34">
                        <description>TV/Radio Button</description>
                        <label>10705</label>
                        <altlabel>10700</altlabel>
						<width>300</width>
                        <usealttexture>!String.IsEmpty(Window.Property(IsRadio))</usealttexture>
                        <include>DialogButtonOther</include>
                    </control>
					<control type="button" id="26">
						<description>Add Group</description>
						<width>300</width>
						<label>15019</label>
						<include>DialogButtonOther</include>
					</control>
					<control type="button" id="27">
						<description>Rename Group</description>
						<width>300</width>
						<label>118</label>
						<include>DialogButtonOther</include>
					</control>
					<control type="button" id="28">
						<description>Delete Group</description>
						<width>300</width>
						<label>117</label>
						<include>DialogButtonOther</include>
					</control>
					<control type="button" id="29">
						<description>OK</description>
						<width>300</width>
						<label>186</label>
						<include>DialogButtonOther</include>
					</control>
					<control type="radiobutton" id="25">
						<description>hide group</description>
						<textoffsetx>30</textoffsetx>
						<radioposx>178</radioposx>
						<align>left</align>
						<width>300</width>
						<label>19289</label>
						<include>DialogButtonOther</include>
					</control>

                </control>
                <control type="label" id="20">
                    <!--Fake Label used to pass on name label-->
                    <visible>false</visible>
                </control>
            </control>
        </control>
    </controls>
</window>