<?xml version="1.0" encoding="utf-8"?>
<!-- BINGIE -->
<window>
    <defaultcontrol always="true">20</defaultcontrol>
    <controls>
		<include>animation_window_open_close</include>
        <!--Globalbackground-->
        <include>GlobalBackground</include>
		<!-- Now Playing -->
		<include>NowPlayingBackground</include>		
        <!--Header-->
        <include>Header</include>
		
		<control type="group">
			<posy>-59</posy>
			<include>animation_window_open_close</include>
			<!--Panel-->
			<control type="image">
				<posx>60</posx>
				<posy>240</posy>
				<width>1800</width>
				<height>718</height>
				<texture border="15">diffuse/bgpanel.png</texture>				
				<colordiffuse>$INFO[Skin.String(GeneralPanelsColor)]</colordiffuse>
			</control>
			<control type="group">
				<!--Start Left Panel-->
				<description>Left panel</description>
				<posx>20</posx>
				<posy>270</posy>
				<control type="image">
					<posx>70</posx>
					<posy>80</posy>
					<width>850</width>
					<height>520</height>
					<texture border="10">diffuse/panel.png</texture>
					<colordiffuse>$INFO[Skin.String(GeneralPanelsColor)]</colordiffuse>
				</control>
				<control type="label" id="101">
					<!--Header-->
					<description>Header Label</description>
					<posx>111</posx>
					<width>700</width>
					<align>left</align>
					<label/>
					<textcolor>$INFO[Skin.String(HeaderTextColor)]</textcolor>
					<font>Bold36</font>
				</control>
                
                <control type="scrollbar" id="60">
					<texturesliderbackground border="5" colordiffuse="$INFO[Skin.String(ScrollbarBackgroundColor)]">scrollbar/texturesliderbar_small.png</texturesliderbackground>
					<texturesliderbar colordiffuse="$INFO[Skin.String(ScrollbarUnfocusedColor)]" border="5">scrollbar/texturesliderbar_small.png</texturesliderbar>
					<texturesliderbarfocus colordiffuse="$INFO[Skin.String(ScrollbarFocusedColor)]" border="5">scrollbar/texturesliderbar_small.png</texturesliderbarfocus>
					<textureslidernib colordiffuse="$INFO[Skin.String(ScrollbarUnfocusedColor)]">scrollbar/texturesliderbar_nib.png</textureslidernib>
					<textureslidernibfocus colordiffuse="$INFO[Skin.String(ScrollbarFocusedColor)]">scrollbar/texturesliderbar_nib.png</textureslidernibfocus>
                    <posx>50</posx>
					<posy>107</posy>
                    <height>464</height>
					<width>10</width>
                    <onup>60</onup>
                    <ondown>60</ondown>
                    <onleft>20</onleft>
                    <onright>20</onright>
                    <animation effect="fade" start="0" end="100" time="400" condition="Control.HasFocus(60) | Container(20).Scrolling | String.IsEqual(Skin.String(scrollbar_visibility),always_show)">Conditional</animation>
                    <animation effect="fade" start="100" end="0" time="400" condition="![Control.HasFocus(60) | Container(20).Scrolling | String.IsEqual(Skin.String(scrollbar_visibility),always_show)]">Conditional</animation>
                </control>
                
				<control type="list" id="20">
					<!--List 20-->
					<description>Left File List</description>
					<posx>-10</posx>
					<posy>100</posy>
					<width>950</width>
					<height>490</height>
					<onleft>60</onleft>
					<onright>21</onright>
					<onup>20</onup>
					<ondown>20</ondown>
                    <pagecontrol>60</pagecontrol>
					<itemlayout height="69" width="900">
						<control type="image">
							<posx>120</posx>
							<posy>12</posy>
							<width>40</width>
							<height>40</height>
							<texture>common/folder.png</texture>
							<colordiffuse>$INFO[Skin.String(ButtonTextColor)]</colordiffuse>
							<visible>ListItem.IsFolder + !ListItem.IsSelected</visible>
						</control>
						<control type="image">
							<posx>120</posx>
							<posy>12</posy>
							<width>40</width>
							<height>40</height>
							<texture>common/file.png</texture>
							<colordiffuse>$INFO[Skin.String(ButtonTextColor)]</colordiffuse>
							<visible>!ListItem.IsFolder + !ListItem.IsSelected</visible>
						</control>
						<control type="image">
							<posx>120</posx>
							<posy>12</posy>
							<width>40</width>
							<height>40</height>
							<texture>common/checkbox.png</texture>
							<colordiffuse>$INFO[Skin.String(ButtonTextColor)]</colordiffuse>
							<visible>ListItem.IsSelected</visible>
						</control>
						<control type="label">
							<posx>179</posx>
							<width>480</width>
							<height>64</height>
							<aligny>center</aligny>
							<align>left</align>
							<font>Reg28</font>
							<info>ListItem.Label</info>
							<textcolor>$INFO[Skin.String(ButtonTextColor)]</textcolor>
						</control>
						<control type="label">
							<posx>219</posx>
							<width>670</width>
							<height>64</height>
							<aligny>center</aligny>
							<align>right</align>
							<font>Reg28</font>
							<info>ListItem.Label2</info>
							<textcolor>$INFO[Skin.String(ButtonTextColor)]</textcolor>
						</control>
					</itemlayout>
					<focusedlayout height="69" width="900">
						<control type="image">
							<visible>Control.HasFocus(20)</visible>
							<posx>100</posx>
							<posy>7</posy>
							<width>810</width>
							<height>50</height>
							<colordiffuse>$INFO[Skin.String(ButtonFocusColor)]</colordiffuse>
							<texture border="10">diffuse/panel.png</texture>
						</control>
                        <control type="image">
							<visible>!Control.HasFocus(20)</visible>
							<posx>100</posx>
							<posy>7</posy>
							<width>810</width>
							<height>50</height>
							<colordiffuse>$INFO[Skin.String(ButtonFocusColor)]</colordiffuse>
							<texture border="10">diffuse/panel_trans.png</texture>
						</control>
						<control type="image">
							<posx>120</posx>
							<posy>12</posy>
							<width>40</width>
							<height>40</height>
							<texture>common/folder.png</texture>
							<colordiffuse>$INFO[Skin.String(ButtonFocusTextColor)]</colordiffuse>
							<visible>ListItem.IsFolder + !ListItem.IsSelected</visible>
						</control>
						<control type="image">
							<posx>120</posx>
							<posy>12</posy>
							<width>40</width>
							<height>40</height>
							<texture>common/file.png</texture>
							<colordiffuse>$INFO[Skin.String(ButtonFocusTextColor)]</colordiffuse>
							<visible>!ListItem.IsFolder + !ListItem.IsSelected</visible>
						</control>
						<control type="image">
							<posx>120</posx>
							<posy>12</posy>
							<width>40</width>
							<height>40</height>
							<texture>common/checkbox.png</texture>
							<visible>ListItem.IsSelected</visible>
                            <colordiffuse>$INFO[Skin.String(ButtonFocusTextColor)]</colordiffuse>
						</control>
						<control type="label">
							<posx>179</posx>
							<width>480</width>
							<height>64</height>
							<aligny>center</aligny>
							<align>left</align>
							<font>Reg28</font>
							<info>ListItem.Label</info>
							<scrollspeed>30</scrollspeed>
                            <scroll>true</scroll>
							<textcolor>$INFO[Skin.String(ButtonFocusTextColor)]</textcolor>
						</control>
						<control type="label">
							<posx>219</posx>
							<width>670</width>
							<height>64</height>
							<aligny>center</aligny>
							<align>right</align>
							<font>Reg28</font>
							<info>ListItem.Label2</info>
							<textcolor>$INFO[Skin.String(ButtonFocusTextColor)]</textcolor>
						</control>
					</focusedlayout>
				</control>
				
				<control type="label" id="12">
					<label/>
					<!--Object Info RSS-->
					<description>Header Label</description>
					<posx>111</posx>
					<posy>610</posy>
					<width>480</width>
					<align>left</align>
					<font>Reg28</font>
					<textcolor>$INFO[Skin.String(GeneralTextColor)]</textcolor>
				</control>
			</control>
			<control type="group">
				<!--Start Right Panel-->
				<description>Right panel</description>
				<posx>900</posx>
				<posy>270</posy>
				<control type="image">
					<posx>80</posx>
					<posy>80</posy>
					<width>850</width>
					<height>520</height>
					<texture border="10">diffuse/panel.png</texture>					
					<colordiffuse>$INFO[Skin.String(GeneralPanelsColor)]</colordiffuse>
				</control>
				<control type="label" id="102">
					<!--Header-->
					<description>Header Label</description>
					<posx>121</posx>
					<width>700</width>
					<align>left</align>
					<label/>
					<textcolor>$INFO[Skin.String(HeaderTextColor)]</textcolor>
					<font>Bold38</font>
				</control>
				<control type="list" id="21">
					<!--List 21-->
					<description>Right File List</description>
					<posx>0</posx>
					<posy>100</posy>
					<width>950</width>
					<height>490</height>
					<onleft>20</onleft>
					<onright>70</onright>
					<onup>21</onup>
					<ondown>21</ondown>
                    <pagecontrol>70</pagecontrol>
					<itemlayout height="69" width="900">
						<control type="image">
							<posx>120</posx>
							<posy>12</posy>
							<width>40</width>
							<height>40</height>
							<texture>common/folder.png</texture>
							<colordiffuse>$INFO[Skin.String(ButtonTextColor)]</colordiffuse>
							<visible>ListItem.IsFolder + !ListItem.IsSelected</visible>
						</control>
						<control type="image">
							<posx>120</posx>
							<posy>12</posy>
							<width>40</width>
							<height>40</height>
							<texture>common/file.png</texture>
							<colordiffuse>$INFO[Skin.String(ButtonTextColor)]</colordiffuse>
							<visible>!ListItem.IsFolder + !ListItem.IsSelected</visible>
						</control>
						<control type="image">
							<posx>120</posx>
							<posy>12</posy>
							<width>40</width>
							<height>40</height>
                            <colordiffuse>$INFO[Skin.String(ButtonTextColor)]</colordiffuse>
							<texture>common/checkbox.png</texture>
							<visible>ListItem.IsSelected</visible>
						</control>
						<control type="label">
							<posx>179</posx>
							<width>480</width>
							<height>64</height>
							<aligny>center</aligny>
							<align>left</align>
							<font>Reg28</font>
							<info>ListItem.Label</info>
							<textcolor>$INFO[Skin.String(ButtonTextColor)]</textcolor>
						</control>
						<control type="label">
							<posx>219</posx>
							<width>670</width>
							<height>64</height>
							<aligny>center</aligny>
							<align>right</align>
							<font>Reg28</font>
							<info>ListItem.Label2</info>
							<textcolor>$INFO[Skin.String(ButtonTextColor)]</textcolor>
						</control>
					</itemlayout>
					<focusedlayout height="69" width="900">
						<control type="image">
							<visible>Control.HasFocus(21)</visible>
							<posx>100</posx>
							<posy>7</posy>
							<width>810</width>
							<height>50</height>
							<colordiffuse>$INFO[Skin.String(ButtonFocusColor)]</colordiffuse>
							<texture border="10">diffuse/panel.png</texture>
						</control>
                        <control type="image">
							<visible>!Control.HasFocus(21)</visible>
							<posx>100</posx>
							<posy>7</posy>
							<width>810</width>
							<height>50</height>
							<colordiffuse>$INFO[Skin.String(ButtonFocusColor)]</colordiffuse>
							<texture border="10">diffuse/panel_trans.png</texture>
						</control>
                        <control type="image">
							<posx>120</posx>
							<posy>12</posy>
							<width>40</width>
							<height>40</height>
							<texture>common/folder.png</texture>
							<colordiffuse>$INFO[Skin.String(ButtonFocusTextColor)]</colordiffuse>
							<visible>ListItem.IsFolder + !ListItem.IsSelected</visible>
						</control>
						<control type="image">
							<posx>120</posx>
							<posy>12</posy>
							<width>40</width>
							<height>40</height>
							<texture>common/file.png</texture>
							<colordiffuse>$INFO[Skin.String(ButtonFocusTextColor)]</colordiffuse>
							<visible>!ListItem.IsFolder + !ListItem.IsSelected</visible>
						</control>
						<control type="image">
							<posx>120</posx>
							<posy>12</posy>
							<width>40</width>
							<height>40</height>
                            <colordiffuse>$INFO[Skin.String(ButtonFocusTextColor)]</colordiffuse>
							<texture>common/checkbox.png</texture>
							<visible>ListItem.IsSelected</visible>
						</control>
						<control type="label">
							<posx>179</posx>
							<width>480</width>
							<height>64</height>
							<aligny>center</aligny>
							<align>left</align>
							<font>Reg28</font>
							<info>ListItem.Label</info>
							<scrollspeed>30</scrollspeed>
                            <scroll>true</scroll>
							<textcolor>$INFO[Skin.String(ButtonFocusTextColor)]</textcolor>
						</control>
						<control type="label">
							<posx>219</posx>
							<width>670</width>
							<height>64</height>
							<aligny>center</aligny>
							<align>right</align>
							<font>Reg28</font>
							<info>ListItem.Label2</info>
							<textcolor>$INFO[Skin.String(ButtonFocusTextColor)]</textcolor>
						</control>
					</focusedlayout>
				</control>
				
                <control type="scrollbar" id="70">
					<texturesliderbackground border="5" colordiffuse="$INFO[Skin.String(ScrollbarBackgroundColor)]">scrollbar/texturesliderbar_small.png</texturesliderbackground>
					<texturesliderbar colordiffuse="$INFO[Skin.String(ScrollbarUnfocusedColor)]" border="5">scrollbar/texturesliderbar_small.png</texturesliderbar>
					<texturesliderbarfocus colordiffuse="$INFO[Skin.String(ScrollbarFocusedColor)]" border="5">scrollbar/texturesliderbar_small.png</texturesliderbarfocus>
					<textureslidernib colordiffuse="$INFO[Skin.String(ScrollbarUnfocusedColor)]">scrollbar/texturesliderbar_nib.png</textureslidernib>
					<textureslidernibfocus colordiffuse="$INFO[Skin.String(ScrollbarFocusedColor)]">scrollbar/texturesliderbar_nib.png</textureslidernibfocus>
                    <right>70</right>
					<posy>107</posy>
                    <height>464</height>
					<width>10</width>
                    <onup>70</onup>
                    <ondown>70</ondown>
                    <onleft>21</onleft>
                    <onright>21</onright>
                    <animation effect="fade" start="0" end="100" time="400" condition="Control.HasFocus(70) | Container(21).Scrolling | String.IsEqual(Skin.String(scrollbar_visibility),always_show)">Conditional</animation>
                    <animation effect="fade" start="100" end="0" time="400" condition="![Control.HasFocus(70) | Container(21).Scrolling | String.IsEqual(Skin.String(scrollbar_visibility),always_show)]">Conditional</animation>
                </control>
                
                <control type="label" id="13">
					<!--Object Info RSS-->
					<description>Header Label</description>
					<posx>121</posx>
					<posy>610</posy>
					<width>480</width>
					<align>left</align>
					<label/>
					<font>Reg28</font>
					<textcolor>$INFO[Skin.String(GeneralTextColor)]</textcolor>
				</control>
			</control>
		</control>
	</controls>
</window>