<?xml version="1.0" encoding="utf-8"?>
<includes>

    <include name="mediaflags">
        <include condition="Window.IsActive(fullscreenvideo) + Skin.String(osdmediaflagsstyle,large)">mediaflags_large_osd</include>
        <include condition="Window.IsActive(fullscreenvideo) + Skin.String(osdmediaflagsstyle,large_color)">mediaflags_large_osd</include>
        
        <include condition="!Window.IsActive(fullscreenvideo) + Skin.String(mediaflagsstyle,large)">mediaflags_large</include>
        <include condition="!Window.IsActive(fullscreenvideo) + Skin.String(mediaflagsstyle,large_color)">mediaflags_large</include>
    </include>
    
    <include name="mediaflags_large_layout">
		<width>112</width>
		<height>80</height>
		<aspectratio align="center" aligny="center">keep</aspectratio>
        <include condition="!Window.IsActive(fullscreenvideo) + !Skin.String(mediaflagsstyle,large_color)">mediaflags_colordiffuse</include>
        <include condition="Window.IsActive(fullscreenvideo) + !Skin.String(osdmediaflagsstyle,large_color)">mediaflags_colordiffuse</include>
		<animation effect="fade" time="200">VisibleChange</animation>
	</include>
    
    <include name="mediaflags_colordiffuse">
        <colordiffuse>$VAR[mediaFlagsFontColor]</colordiffuse>
    </include>
    
    <include name="mediaflags_large">
        <include condition="!Window.IsActive(Home)">mediaflags_large_normal</include>
    </include>
    
	<!-- MPAA/Resolution/AudioChannels - Bottom Footer -->
    <include name="mediaflags_large_normal">
        <control type="grouplist">
            <posy>-16</posy>
            <posx>12</posx>
			<orientation>horizontal</orientation>
            <control type="image">
			    <width>86</width>
                <include>mediaflags_large_layout</include>
                <texture background="true">$VAR[mediaflags_large_path]$INFO[ListItem.VideoResolution,/resolution/,.png]</texture>
                <visible>!String.IsEmpty(ListItem.VideoResolution)</visible>
				<visible>!Skin.String(mediaflagsstyle,large) + Skin.String(mediaflagsstyle,large_color)</visible>
            </control>
			<control type="image">
			    <width>82</width>
                <include>mediaflags_large_layout</include>
                <texture background="true">$VAR[mediaflags_large_path]$INFO[ListItem.VideoResolution,/resolution/,.png]</texture>
                <visible>!String.IsEmpty(ListItem.VideoResolution)</visible>
				<visible>Skin.String(mediaflagsstyle,large) + !Skin.String(mediaflagsstyle,large_color)</visible>
            </control>
            <control type="image">
                <include>mediaflags_large_layout</include>
                <texture background="true">$VAR[mediaflags_large_path]$INFO[ListItem.AudioCodec,/audio/,.png]</texture>
                <visible>!String.IsEmpty(ListItem.AudioCodec)</visible>
            </control>
            <control type="image">
                <include>mediaflags_large_layout</include>
                <texture background="true">$VAR[mediaflags_large_path]$INFO[ListItem.AudioChannels,/channels/,.png]</texture>
                <visible>!String.IsEmpty(ListItem.AudioChannels)</visible>
            </control>
            <control type="image">
                <include>mediaflags_large_layout</include>
                <texture background="true">$VAR[mediaflags_large_path]$VAR[mediaflags_large_source,/video/,.png]</texture>
                <visible>!String.IsEmpty(ListItem.VideoCodec) + ![String.IsEqual(Listitem.HdrType,hdr10) | String.IsEqual(Listitem.HdrType,dolbyvision) | String.IsEqual(Listitem.HdrType,hlg)]</visible>
            </control>
			<control type="image">
                <include>mediaflags_large_layout</include>
                <texture background="true">$VAR[mediaflags_large_path]$INFO[Listitem.HdrType,/video/,.png]</texture>
                <visible>[String.IsEqual(Listitem.HdrType,hdr10) | String.IsEqual(Listitem.HdrType,dolbyvision) | String.IsEqual(Listitem.HdrType,hlg)]</visible>
            </control>
            <control type="image">
                <include>mediaflags_large_layout</include>
                <texture background="true">$VAR[mediaflags_large_path]$INFO[ListItem.VideoAspect,/aspectratio/,.png]</texture>
                <visible>!String.IsEmpty(ListItem.VideoAspect)</visible>
            </control>
			<control type="image">
			    <width>-7</width>
				<height>80</height>
				<aspectratio align="center" aligny="center">keep</aspectratio>
				<animation effect="fade" time="200">VisibleChange</animation>
				<visible>!String.IsEmpty(ListItem.VideoAspect)</visible>
            </control>
			<control type="group">
                <include>MPAA_Details_RowUS_Footer_Color</include>
				<visible>Skin.String(mediaflagsstyle,large_color) + !String.IsEqual(Skin.String(mpaa_style),color_fixed_mpaa)</visible>
			</control>
			<control type="group">
                <include>MPAA_Details_RowUS_Footer_Color_Fixed_Size</include>
				<visible>Skin.String(mediaflagsstyle,large_color) + String.IsEqual(Skin.String(mpaa_style),color_fixed_mpaa)</visible>
			</control>
			<control type="group">
                <include>MPAA_Details_RowUS_Footer_White</include>
				<visible>!Skin.String(mediaflagsstyle,large_color)</visible>
			</control>
        </control>
    </include>
    
    <variable name="mediaflags_large_path">
        <value condition="!Window.IsActive(fullscreenvideo) + Skin.String(mediaflagsstyle,large_color)">flags/flags_color</value>
        <value condition="Window.IsActive(fullscreenvideo) + Skin.String(osdmediaflagsstyle,large_color)">flags/flags_color</value>
        <value>flags/flags_large</value>
    </variable>
    
    <include name="mediaflags_large_osd">
        <control type="grouplist">
            <posy>-17</posy>
            <posx>12</posx>
			<orientation>horizontal</orientation>
            <control type="image">
			    <width>86</width>
                <include>mediaflags_large_layout</include>
                <texture background="true">$VAR[mediaflags_large_path]$INFO[VideoPlayer.VideoResolution,/resolution/,.png]</texture>
                <visible>!String.IsEmpty(VideoPlayer.VideoResolution)</visible>
				<visible>!Skin.String(osdmediaflagsstyle,large) + Skin.String(osdmediaflagsstyle,large_color)</visible>
            </control>
			<control type="image">
			    <width>82</width>
                <include>mediaflags_large_layout</include>
                <texture background="true">$VAR[mediaflags_large_path]$INFO[VideoPlayer.VideoResolution,/resolution/,.png]</texture>
                <visible>!String.IsEmpty(VideoPlayer.VideoResolution)</visible>
				<visible>Skin.String(osdmediaflagsstyle,large) + !Skin.String(osdmediaflagsstyle,large_color)</visible>
            </control>
            <control type="image">
                <include>mediaflags_large_layout</include>
                <texture background="true">$VAR[mediaflags_large_path]$INFO[VideoPlayer.AudioCodec,/audio/,.png]</texture>
                <visible>!String.IsEmpty(VideoPlayer.AudioCodec)</visible>
            </control>
            <control type="image">
                <include>mediaflags_large_layout</include>
                <texture background="true">$VAR[mediaflags_large_path]$INFO[VideoPlayer.AudioChannels,/channels/,.png]</texture>
                <visible>!String.IsEmpty(VideoPlayer.AudioChannels)</visible>
            </control>
            <control type="image">
                <include>mediaflags_large_layout</include>
                <texture background="true">$VAR[mediaflags_large_path]$INFO[VideoPlayer.VideoCodec,/video/,.png]</texture>
                <visible>!String.IsEmpty(VideoPlayer.VideoCodec) + ![String.IsEqual(VideoPlayer.HdrType,hdr10) | String.IsEqual(VideoPlayer.HdrType,dolbyvision) | String.IsEqual(VideoPlayer.HdrType,hlg)]</visible>
            </control>
			<control type="image">
                <include>mediaflags_large_layout</include>
                <texture background="true">$VAR[mediaflags_large_path]$INFO[VideoPlayer.HdrType,/video/,.png]</texture>
                <visible>[String.IsEqual(VideoPlayer.HdrType,hdr10) | String.IsEqual(VideoPlayer.HdrType,dolbyvision) | String.IsEqual(VideoPlayer.HdrType,hlg)]</visible>
            </control>
            <control type="image">
                <include>mediaflags_large_layout</include>
                <texture background="true">$VAR[mediaflags_large_path]$INFO[VideoPlayer.VideoAspect,/aspectratio/,.png]</texture>
                <visible>!String.IsEmpty(VideoPlayer.VideoAspect)</visible>
            </control>
			<control type="image">
			    <width>-7</width>
				<height>80</height>
				<aspectratio align="center" aligny="center">keep</aspectratio>
				<animation effect="fade" time="200">VisibleChange</animation>
				<visible>!String.IsEmpty(VideoPlayer.VideoAspect)</visible>
            </control>
            <control type="group">
                <include>MPAA_Details_RowUS_Footer_Color_osd</include>
				<visible>Skin.String(osdmediaflagsstyle,large_color) + [String.IsEqual(Skin.String(mpaa_style),color_mpaa) | String.IsEqual(Skin.String(mpaa_style),default)]</visible>
			</control>
			<control type="group">
                <include>MPAA_Details_RowUS_Footer_Color_Fixed_Size_osd</include>
				<visible>Skin.String(osdmediaflagsstyle,large_color) + String.IsEqual(Skin.String(mpaa_style),color_fixed_mpaa)</visible>
			</control>
			<control type="group">
                <include>MPAA_Details_RowNew_OSD</include>
				<visible>Skin.String(osdmediaflagsstyle,large_color) + String.IsEqual(Skin.String(mpaa_style),uk_mpaa)</visible>
			</control>
			<control type="group">
                <include>MPAA_Details_RowUS_Footer_White_osd</include>
				<visible>!Skin.String(osdmediaflagsstyle,large_color)</visible>
			</control>
        </control>
    </include>
    
    <variable name="mediaflags_large_source">
		<value condition="[String.Contains(ListItem.filename,PDTV) | String.Contains(ListItem.filename,sdtv) | String.Contains(ListItem.filename,sd tv)]">sdtv</value>
		<value condition="[String.Contains(ListItem.Filename,hdtv) | String.Contains(ListItem.Filename,HDTV) | String.Contains(ListItem.Filename,hd tv)]">hdtv</value>
		<value condition="[String.Contains(ListItem.Filename,hddvd) | String.Contains(ListItem.Filename,HDDVD) | String.Contains(ListItem.Filename,hd-dvd)]">hddvd</value>
		<value condition="ListItem.IsStereoscopic">bluray3d</value>
		<value condition="[String.Contains(ListItem.Filename,bluray) | String.Contains(ListItem.Filename,blu-ray) | String.Contains(ListItem.Filename,bdrip) | String.Contains(ListItem.Filename,brrip)]">bluray</value>
		<value condition="String.Contains(ListItem.Filename,dvb)">dvb</value>
		<value condition="String.Contains(ListItem.Filename,web-dl) | String.Contains(ListItem.Filename,webdl)">web-dl</value>
		<value condition="String.Contains(ListItem.Filename,dvd) | String.IsEqual(ListItem.FileExtension,iso) | String.IsEqual(ListItem.FileExtension,ifo)">dvd</value>
		<value condition="!String.IsEmpty(ListItem.VideoCodec)">$INFO[ListItem.VideoCodec]</value>
       
        <value condition="[String.Contains(Player.FileNameAndPath,PDTV) | String.Contains(Player.FileNameAndPath,sdtv)]">sdtv</value>
		<value condition="String.Contains(Player.FileNameAndPath,hdtv)">hdtv</value>
		<value condition="[String.Contains(Player.FileNameAndPath,hddvd) | String.Contains(Player.FileNameAndPath,hd-dvd)]">hddvd</value>
		<value condition="VideoPlayer.IsStereoscopic">bluray3d</value>
		<value condition="[String.Contains(Player.FileNameAndPath,bluray) | String.Contains(Player.FileNameAndPath,blu-ray) | String.Contains(Player.FileNameAndPath,bdrip) | String.Contains(Player.FileNameAndPath,brrip)]">bluray</value>
		<value condition="String.Contains(Player.FileNameAndPath,dvb)">dvb</value>
		<value condition="String.Contains(Player.FileNameAndPath,web-dl) | String.Contains(Player.Filename,webdl)">web-dl</value>
		<value condition="String.EndsWith(Player.FileNameAndPath,dvd) | String.EmdsWith(Player.FileNameAndPath,.iso) | String.Contains(Player.FileNameAndPath,.ifo)">dvd</value>
		<value>$INFO[VideoPlayer.VideoCodec]</value>
	</variable>
	
	<!--details row MPAA UK & UK style US icons-->
	<variable name="mediaflags_large_rating_UK_icons">
		
		<!---UK classifcations using UK or Rated prefix--->
		<value condition="String.Contains(ListItem.mpaa,UK:U) | String.Contains(ListItem.mpaa,GB-U) | String.Contains(ListItem.mpaa,Rated U) | String.IsEqual(ListItem.mpaa,U) | String.Contains(Container(99950).ListItem.mpaa,UK:U) | String.Contains(Container(99950).ListItem.mpaa,GB-U) | String.Contains(Container(99950).ListItem.mpaa,Rated U) | String.IsEqual(Container(99950).ListItem.mpaa,U)">Flags/flags_color/mpaa/bbfc_u_certificate_uk.png</value>
		<value condition="String.Contains(ListItem.mpaa,UK:PG) | String.Contains(ListItem.mpaa,GB-PG) | String.Contains(ListItem.mpaa,Guidance) | String.Contains(Container(99950).ListItem.mpaa,UK:PG) | String.Contains(Container(99950).ListItem.mpaa,GB-PG) | String.Contains(Container(99950).ListItem.mpaa,Guidance)">Flags/flags_color/mpaa/bbfc_pg_certificate_uk.png</value>
		<value condition="String.Contains(ListItem.mpaa,UK:12A) | String.Contains(ListItem.mpaa,GB-12A) | String.Contains(ListItem.mpaa,Rated 12A) | String.IsEqual(ListItem.mpaa,12A) | String.Contains(Container(99950).ListItem.mpaa,UK:12A) | String.Contains(Container(99950).ListItem.mpaa,GB-12A) | String.Contains(Container(99950).ListItem.mpaa,Rated 12A) | String.IsEqual(Container(99950).ListItem.mpaa,12A)">Flags/flags_color/mpaa/bbfc_12a_certificate_uk.png</value>
		<value condition="String.IsEqual(ListItem.mpaa,UK:12) | String.IsEqual(ListItem.mpaa,GB-12) | String.IsEqual(ListItem.mpaa,Rated 12) | String.IsEqual(ListItem.mpaa,12) | String.IsEqual(Container(99950).ListItem.mpaa,UK:12) | String.IsEqual(Container(99950).ListItem.mpaa,GB-12) | String.IsEqual(Container(99950).ListItem.mpaa,Rated 12) | String.IsEqual(Container(99950).ListItem.mpaa,12)">Flags/flags_color/mpaa/bbfc_12_certificate_uk.png</value>
		<value condition="String.Contains(ListItem.mpaa,UK:15) | String.Contains(ListItem.mpaa,GB-15) | String.Contains(ListItem.mpaa,Rated 15) | String.IsEqual(ListItem.mpaa,15) | String.Contains(ListItem.mpaa,Mature) | String.Contains(Container(99950).ListItem.mpaa,UK:15) | String.Contains(Container(99950).ListItem.mpaa,GB-15) | String.Contains(Container(99950).ListItem.mpaa,Rated 15) | String.IsEqual(Container(99950).ListItem.mpaa,15) | String.Contains(Container(99950).ListItem.mpaa,Mature)">Flags/flags_color/mpaa/bbfc_15_certificate_uk.png</value>
		<value condition="String.Contains(ListItem.mpaa,UK:18) | String.Contains(ListItem.mpaa,GB-18) | String.Contains(ListItem.mpaa,Rated 18) | String.IsEqual(ListItem.mpaa,18) | String.Contains(Container(99950).ListItem.mpaa,UK:18) | String.Contains(Container(99950).ListItem.mpaa,GB-18) | String.Contains(Container(99950).ListItem.mpaa,Rated 18) | String.IsEqual(Container(99950).ListItem.mpaa,18)">Flags/flags_color/mpaa/bbfc_18_certificate_uk.png</value>
		
		<!--UK translation of US TV ratings-->
		<value condition="String.IsEqual(ListItem.mpaa,TV-Y) | String.Contains(ListItem.mpaa,TV-Y7) | String.Contains(ListItem.mpaa,TV-G) | String.IsEqual(Container(99950).ListItem.mpaa,TV-Y) | String.Contains(Container(99950).ListItem.mpaa,TV-Y7) | String.Contains(Container(99950).ListItem.mpaa,TV-G)">Flags/flags_color/mpaa/bbfc_u_certificate_uk.png</value>
		<value condition="String.Contains(ListItem.mpaa,TV-PG) | String.Contains(Container(99950).ListItem.mpaa,TV-PG)">Flags/flags_color/mpaa/bbfc_pg_certificate_uk.png</value>
		<value condition="String.Contains(ListItem.mpaa,TV-14) | String.Contains(Container(99950).ListItem.mpaa,TV-14)">Flags/flags_color/mpaa/bbfc_15_certificate_uk.png</value>
		<value condition="String.Contains(ListItem.mpaa,TV-MA) | String.Contains(Container(99950).ListItem.mpaa,TV-MA) | String.Contains(Container(99950).ListItem.mpaa,USA:TV-MA)">Flags/flags_color/mpaa/bbfc_18_certificate_uk.png</value>		
		
		<!--UK translation of US MPAA so US can also use UK icons if setting is enabled-->
		<value condition="String.Contains(ListItem.mpaa,US:G) | String.Contains(ListItem.mpaa,USA:G) | String.Contains(ListItem.mpaa,Rated G) | String.IsEqual(ListItem.mpaa,G) | String.Contains(Container(99950).ListItem.mpaa,US:G) | String.Contains(Container(99950).ListItem.mpaa,USA:G) | String.Contains(Container(99950).ListItem.mpaa,Rated G) | String.IsEqual(Container(99950).ListItem.mpaa,G)">Flags/flags_color/mpaa/bbfc_u_certificate_uk.png</value>
		<value condition="String.Contains(ListItem.mpaa,PG-13) | String.Contains(Container(99950).ListItem.mpaa,PG-13)">Flags/flags_color/mpaa/bbfc_12a_certificate_uk.png</value>
		<value condition="String.IsEqual(ListItem.mpaa,US:PG) | String.IsEqual(ListItem.mpaa,USA:PG) | String.IsEqual(ListItem.mpaa,Rated PG) | String.IsEqual(ListItem.mpaa,PG) | String.IsEqual(Container(99950).ListItem.mpaa,US:PG) | String.IsEqual(Container(99950).ListItem.mpaa,USA:PG) | String.IsEqual(Container(99950).ListItem.mpaa,Rated PG) | String.IsEqual(Container(99950).ListItem.mpaa,PG)">Flags/flags_color/mpaa/bbfc_pg_certificate_uk.png</value> 
		<value condition="String.Contains(ListItem.mpaa,US:R) | String.Contains(ListItem.mpaa,USA:R) | String.Contains(ListItem.mpaa,Rated R) | String.IsEqual(ListItem.mpaa,R) | String.Contains(Container(99950).ListItem.mpaa,US:R) | String.Contains(Container(99950).ListItem.mpaa,USA:R) | String.Contains(Container(99950).ListItem.mpaa,Rated R) | String.IsEqual(Container(99950).ListItem.mpaa,R)">Flags/flags_color/mpaa/bbfc_18_certificate_uk.png</value>
		<value condition="String.Contains(ListItem.mpaa,NC-17) | String.Contains(Container(99950).ListItem.mpaa,NC-17)">Flags/flags_color/mpaa/bbfc_18_certificate_uk.png</value>
		<value condition="String.Contains(ListItem.mpaa,NR) | String.Contains(Container(99950).ListItem.mpaa,NR) | String.Contains(Container(99950).ListItem.mpaa,Not) | String.Contains(Container(99950).ListItem.mpaa,Unrated) | String.Contains(Container(99950).ListItem.mpaa,Passed) | String.Contains(Container(99950).ListItem.mpaa,Approved)">Flags/flags_color/mpaa/bbfc_nr_certificate_uk.png</value>
		
	</variable>		
	
	<!--MPAA UK & UK style US icons for spotlight-->
	<variable name="mediaflags_large_rating_UK_spotlight_icons">
		
		<!---UK classifcations using UK or Rated prefix--->
		<value condition="String.Contains(ListItem.mpaa,UK:U) | String.Contains(ListItem.mpaa,GB-U) | String.Contains(ListItem.mpaa,Rated U) | String.IsEqual(ListItem.mpaa,U) | String.Contains(Container(99950).ListItem.mpaa,UK:U) | String.Contains(Container(99950).ListItem.mpaa,GB-U) | String.Contains(Container(99950).ListItem.mpaa,Rated U) | String.IsEqual(Container(99950).ListItem.mpaa,U)">Flags/flags_color/mpaa/uk_spotlight/bbfc_u.png</value>
		<value condition="String.Contains(ListItem.mpaa,UK:PG) | String.Contains(ListItem.mpaa,GB-PG) | String.Contains(ListItem.mpaa,Guidance) | String.Contains(Container(99950).ListItem.mpaa,UK:PG) | String.Contains(Container(99950).ListItem.mpaa,GB-PG) | String.Contains(Container(99950).ListItem.mpaa,Guidance)">Flags/flags_color/mpaa/uk_spotlight/bbfc_pg.png</value>
		<value condition="String.Contains(ListItem.mpaa,UK:12A) | String.Contains(ListItem.mpaa,GB-12A) | String.Contains(ListItem.mpaa,Rated 12A) | String.IsEqual(ListItem.mpaa,12A) | String.Contains(Container(99950).ListItem.mpaa,UK:12A) | String.Contains(Container(99950).ListItem.mpaa,GB-12A) | String.Contains(Container(99950).ListItem.mpaa,Rated 12A) | String.IsEqual(Container(99950).ListItem.mpaa,12A)">Flags/flags_color/mpaa/uk_spotlight/bbfc_12a.png</value>
		<value condition="String.IsEqual(ListItem.mpaa,UK:12) | String.IsEqual(ListItem.mpaa,GB-12) | String.IsEqual(ListItem.mpaa,Rated 12) | String.IsEqual(ListItem.mpaa,12) | String.IsEqual(Container(99950).ListItem.mpaa,UK:12) | String.IsEqual(Container(99950).ListItem.mpaa,GB-12) | String.IsEqual(Container(99950).ListItem.mpaa,Rated 12) | String.IsEqual(Container(99950).ListItem.mpaa,12)">Flags/flags_color/mpaa/uk_spotlight/bbfc_12.png</value>
		<value condition="String.Contains(ListItem.mpaa,UK:15) | String.Contains(ListItem.mpaa,GB-15) | String.Contains(ListItem.mpaa,Rated 15) | String.IsEqual(ListItem.mpaa,15) | String.Contains(ListItem.mpaa,Mature) | String.Contains(Container(99950).ListItem.mpaa,UK:15) | String.Contains(Container(99950).ListItem.mpaa,GB-15) | String.Contains(Container(99950).ListItem.mpaa,Rated 15) | String.IsEqual(Container(99950).ListItem.mpaa,15) | String.Contains(Container(99950).ListItem.mpaa,Mature)">Flags/flags_color/mpaa/uk_spotlight/bbfc_15.png</value>
		<value condition="String.Contains(ListItem.mpaa,UK:18) | String.Contains(ListItem.mpaa,GB-18) | String.Contains(ListItem.mpaa,Rated 18) | String.IsEqual(ListItem.mpaa,18) | String.Contains(Container(99950).ListItem.mpaa,UK:18) | String.Contains(Container(99950).ListItem.mpaa,GB-18) | String.Contains(Container(99950).ListItem.mpaa,Rated 18) | String.IsEqual(Container(99950).ListItem.mpaa,18)">Flags/flags_color/mpaa/uk_spotlight/bbfc_18.png</value>
		
		<!--UK translation of US TV ratings-->
		<value condition="String.IsEqual(ListItem.mpaa,TV-Y) | String.Contains(ListItem.mpaa,TV-Y7) | String.Contains(ListItem.mpaa,TV-G) | String.IsEqual(Container(99950).ListItem.mpaa,TV-Y) | String.Contains(Container(99950).ListItem.mpaa,TV-Y7) | String.Contains(Container(99950).ListItem.mpaa,TV-G)">Flags/flags_color/mpaa/uk_spotlight/bbfc_u.png</value>
		<value condition="String.Contains(ListItem.mpaa,TV-PG) | String.Contains(Container(99950).ListItem.mpaa,TV-PG)">Flags/flags_color/mpaa/uk_spotlight/bbfc_pg.png</value>
		<value condition="String.Contains(ListItem.mpaa,TV-14) | String.Contains(Container(99950).ListItem.mpaa,TV-14)">Flags/flags_color/mpaa/uk_spotlight/bbfc_15.png</value>
		<value condition="String.Contains(ListItem.mpaa,TV-MA) | String.Contains(Container(99950).ListItem.mpaa,TV-MA) | String.Contains(Container(99950).ListItem.mpaa,USA:TV-MA)">Flags/flags_color/mpaa/uk_spotlight/bbfc_18.png</value>
		
		<!--UK translation of US MPAA so US can also use UK icons if setting is enabled-->
		<value condition="String.Contains(ListItem.mpaa,US:G) | String.Contains(ListItem.mpaa,USA:G) | String.Contains(ListItem.mpaa,Rated G) | String.IsEqual(ListItem.mpaa,G) | String.Contains(Container(99950).ListItem.mpaa,US:G) | String.Contains(Container(99950).ListItem.mpaa,USA:G) | String.Contains(Container(99950).ListItem.mpaa,Rated G) | String.IsEqual(Container(99950).ListItem.mpaa,G)">Flags/flags_color/mpaa/uk_spotlight/bbfc_u.png</value>
		<value condition="String.Contains(ListItem.mpaa,PG-13) | String.Contains(Container(99950).ListItem.mpaa,PG-13)">Flags/flags_color/mpaa/uk_spotlight/bbfc_12a.png</value>
		<value condition="String.IsEqual(ListItem.mpaa,US:PG) | String.IsEqual(ListItem.mpaa,USA:PG) | String.IsEqual(ListItem.mpaa,Rated PG) | String.IsEqual(ListItem.mpaa,PG) | String.IsEqual(Container(99950).ListItem.mpaa,US:PG) | String.IsEqual(Container(99950).ListItem.mpaa,USA:PG) | String.IsEqual(Container(99950).ListItem.mpaa,Rated PG) | String.IsEqual(Container(99950).ListItem.mpaa,PG)">Flags/flags_color/mpaa/uk_spotlight/bbfc_pg.png</value> 
		<value condition="String.Contains(ListItem.mpaa,US:R) | String.Contains(ListItem.mpaa,USA:R) | String.Contains(ListItem.mpaa,Rated R) | String.IsEqual(ListItem.mpaa,R) | String.Contains(Container(99950).ListItem.mpaa,US:R) | String.Contains(Container(99950).ListItem.mpaa,USA:R) | String.Contains(Container(99950).ListItem.mpaa,Rated R) | String.IsEqual(Container(99950).ListItem.mpaa,R)">Flags/flags_color/mpaa/uk_spotlight/bbfc_18.png</value>
		<value condition="String.Contains(ListItem.mpaa,NC-17) | String.Contains(Container(99950).ListItem.mpaa,NC-17)">Flags/flags_color/mpaa/uk_spotlight/bbfc_18.png</value>
		<value condition="String.Contains(ListItem.mpaa,NR) | String.Contains(Container(99950).ListItem.mpaa,NR) | String.Contains(Container(99950).ListItem.mpaa,Not) | String.Contains(Container(99950).ListItem.mpaa,Unrated) | String.Contains(Container(99950).ListItem.mpaa,Passed) | String.Contains(Container(99950).ListItem.mpaa,Approved)">Flags/flags_color/mpaa/uk_spotlight/bbfc_nr.png</value>
		
	</variable>
	
	<!--OSD MPAA UK & UK style US icons-->
	<variable name="mediaflagsOSD_large_rating_UK_icons">
		
		<!---UK classifcations using UK or Rated prefix--->
		<value condition="String.Contains(videoplayer.mpaa,UK:U) | String.Contains(videoplayer.mpaa,GB-U) | String.Contains(videoplayer.mpaa,Rated U) | String.IsEqual(videoplayer.mpaa,U) | String.Contains(Container(99950).videoplayer.mpaa,UK:U) | String.Contains(Container(99950).videoplayer.mpaa,GB-U) | String.Contains(Container(99950).videoplayer.mpaa,Rated U) | String.IsEqual(Container(99950).videoplayer.mpaa,U)">Flags/flags_color/mpaa/bbfc_u_certificate_uk.png</value>
		<value condition="String.Contains(videoplayer.mpaa,UK:PG) | String.Contains(videoplayer.mpaa,GB-PG) | String.Contains(videoplayer.mpaa,Guidance) | String.Contains(Container(99950).videoplayer.mpaa,UK:PG) | String.Contains(Container(99950).videoplayer.mpaa,GB-PG) | String.Contains(Container(99950).videoplayer.mpaa,Guidance)">Flags/flags_color/mpaa/bbfc_pg_certificate_uk.png</value>
		<value condition="String.Contains(videoplayer.mpaa,UK:12A) | String.Contains(videoplayer.mpaa,GB-12A) | String.Contains(videoplayer.mpaa,Rated 12A) | String.IsEqual(videoplayer.mpaa,12A) | String.Contains(Container(99950).videoplayer.mpaa,UK:12A) | String.Contains(Container(99950).videoplayer.mpaa,GB-12A) | String.Contains(Container(99950).videoplayer.mpaa,Rated 12A) | String.IsEqual(Container(99950).videoplayer.mpaa,12A)">Flags/flags_color/mpaa/bbfc_12a_certificate_uk.png</value>
		<value condition="String.IsEqual(videoplayer.mpaa,UK:12) | String.IsEqual(videoplayer.mpaa,GB-12) | String.IsEqual(videoplayer.mpaa,Rated 12) | String.IsEqual(videoplayer.mpaa,12) | String.IsEqual(Container(99950).videoplayer.mpaa,UK:12) | String.IsEqual(Container(99950).videoplayer.mpaa,GB-12) | String.IsEqual(Container(99950).videoplayer.mpaa,Rated 12) | String.IsEqual(Container(99950).videoplayer.mpaa,12)">Flags/flags_color/mpaa/bbfc_12_certificate_uk.png</value>
		<value condition="String.Contains(videoplayer.mpaa,UK:15) | String.Contains(videoplayer.mpaa,GB-15) | String.Contains(videoplayer.mpaa,Rated 15) | String.IsEqual(videoplayer.mpaa,15) | String.Contains(videoplayer.mpaa,Mature) | String.Contains(Container(99950).videoplayer.mpaa,UK:15) | String.Contains(Container(99950).videoplayer.mpaa,GB-15) | String.Contains(Container(99950).videoplayer.mpaa,Rated 15) | String.IsEqual(Container(99950).videoplayer.mpaa,15) | String.Contains(Container(99950).videoplayer.mpaa,Mature)">Flags/flags_color/mpaa/bbfc_15_certificate_uk.png</value>
		<value condition="String.Contains(videoplayer.mpaa,UK:18) | String.Contains(videoplayer.mpaa,GB-18) | String.Contains(videoplayer.mpaa,Rated 18) | String.IsEqual(videoplayer.mpaa,18) | String.Contains(Container(99950).videoplayer.mpaa,UK:18) | String.Contains(Container(99950).videoplayer.mpaa,GB-18) | String.Contains(Container(99950).videoplayer.mpaa,Rated 18) | String.IsEqual(Container(99950).videoplayer.mpaa,18)">Flags/flags_color/mpaa/bbfc_18_certificate_uk.png</value>
		
		<!--UK translation of US TV ratings-->
		<value condition="String.IsEqual(videoplayer.mpaa,TV-Y) | String.Contains(videoplayer.mpaa,TV-Y7) | String.Contains(videoplayer.mpaa,TV-G) | String.IsEqual(Container(99950).videoplayer.mpaa,TV-Y) | String.Contains(Container(99950).videoplayer.mpaa,TV-Y7) | String.Contains(Container(99950).videoplayer.mpaa,TV-G)">Flags/flags_color/mpaa/bbfc_u_certificate_uk.png</value>
		<value condition="String.Contains(videoplayer.mpaa,TV-PG) | String.Contains(Container(99950).videoplayer.mpaa,TV-PG)">Flags/flags_color/mpaa/bbfc_pg_certificate_uk.png</value>
		<value condition="String.Contains(videoplayer.mpaa,TV-14) | String.Contains(Container(99950).videoplayer.mpaa,TV-14)">Flags/flags_color/mpaa/bbfc_15_certificate_uk.png</value>
		<value condition="String.Contains(videoplayer.mpaa,TV-MA) | String.Contains(Container(99950).videoplayer.mpaa,TV-MA) | String.Contains(Container(99950).videoplayer.mpaa,USA:TV-MA)">Flags/flags_color/mpaa/bbfc_18_certificate_uk.png</value>		
		
		<!--UK translation of US MPAA so US can also use UK icons if setting is enabled-->
		<value condition="String.Contains(videoplayer.mpaa,US:G) | String.Contains(videoplayer.mpaa,USA:G) | String.Contains(videoplayer.mpaa,Rated G) | String.IsEqual(videoplayer.mpaa,G) | String.Contains(Container(99950).videoplayer.mpaa,US:G) | String.Contains(Container(99950).videoplayer.mpaa,USA:G) | String.Contains(Container(99950).videoplayer.mpaa,Rated G) | String.IsEqual(Container(99950).videoplayer.mpaa,G)">Flags/flags_color/mpaa/bbfc_u_certificate_uk.png</value>
		<value condition="String.Contains(videoplayer.mpaa,PG-13) | String.Contains(Container(99950).videoplayer.mpaa,PG-13)">Flags/flags_color/mpaa/bbfc_12a_certificate_uk.png</value>
		<value condition="String.IsEqual(videoplayer.mpaa,US:PG) | String.IsEqual(videoplayer.mpaa,USA:PG) | String.IsEqual(videoplayer.mpaa,Rated PG) | String.IsEqual(videoplayer.mpaa,PG) | String.IsEqual(Container(99950).videoplayer.mpaa,US:PG) | String.IsEqual(Container(99950).videoplayer.mpaa,USA:PG) | String.IsEqual(Container(99950).videoplayer.mpaa,Rated PG) | String.IsEqual(Container(99950).videoplayer.mpaa,PG)">Flags/flags_color/mpaa/bbfc_pg_certificate_uk.png</value> 
		<value condition="String.Contains(videoplayer.mpaa,US:R) | String.Contains(videoplayer.mpaa,USA:R) | String.Contains(videoplayer.mpaa,Rated R) | String.IsEqual(videoplayer.mpaa,R) | String.Contains(Container(99950).videoplayer.mpaa,US:R) | String.Contains(Container(99950).videoplayer.mpaa,USA:R) | String.Contains(Container(99950).videoplayer.mpaa,Rated R) | String.IsEqual(Container(99950).videoplayer.mpaa,R)">Flags/flags_color/mpaa/bbfc_18_certificate_uk.png</value>
		<value condition="String.Contains(videoplayer.mpaa,NC-17) | String.Contains(Container(99950).videoplayer.mpaa,NC-17)">Flags/flags_color/mpaa/bbfc_18_certificate_uk.png</value>
		<value condition="String.Contains(videoplayer.mpaa,NR) | String.Contains(Container(99950).videoplayer.mpaa,NR) | String.Contains(Container(99950).videoplayer.mpaa,Not) | String.Contains(Container(99950).videoplayer.mpaa,Unrated) | String.Contains(Container(99950).videoplayer.mpaa,Passed) | String.Contains(Container(99950).videoplayer.mpaa,Approved)">Flags/flags_color/mpaa/bbfc_nr_certificate_uk.png</value>
		
	</variable>

	<!-- US MPAA / Movie Ratings - DETAILS ROW -->
	<variable name="MPAAColors">
        <value condition="String.Contains(ListItem.mpaa,US:G) | String.Contains(ListItem.mpaa,USA:G) | String.Contains(ListItem.mpaa,Rated G) | String.IsEqual(ListItem.Mpaa,G) | String.Contains(Container(99950).ListItem.mpaa,US:G) | String.Contains(Container(99950).ListItem.mpaa,USA:G) | String.Contains(Container(99950).ListItem.mpaa,Rated G) | String.IsEqual(Container(99950).ListItem.mpaa,G)">$INFO[Skin.String(GPanelColor)]</value>
		<value condition="String.Contains(ListItem.mpaa,US:PG-13) | String.Contains(ListItem.mpaa,USA:PG-13) | String.Contains(ListItem.mpaa,Rated PG-13) | String.IsEqual(ListItem.Mpaa,PG-13) | String.Contains(Container(99950).ListItem.mpaa,US:PG-13) | String.Contains(Container(99950).ListItem.mpaa,USA:PG-13) | String.Contains(Container(99950).ListItem.mpaa,Rated PG-13) | String.IsEqual(Container(99950).ListItem.mpaa,PG-13)">$INFO[Skin.String(PG13PanelColor)]</value>
		<value condition="String.IsEqual(ListItem.mpaa,US:PG) | String.IsEqual(ListItem.mpaa,USA:PG) | String.IsEqual(ListItem.mpaa,Rated PG) | String.IsEqual(ListItem.Mpaa,PG) | String.IsEqual(Container(99950).ListItem.mpaa,US:PG) | String.IsEqual(Container(99950).ListItem.mpaa,USA:PG) | String.IsEqual(Container(99950).ListItem.mpaa,Rated PG) | String.IsEqual(Container(99950).ListItem.mpaa,PG)">$INFO[Skin.String(PGPanelColor)]</value>
		<value condition="String.Contains(ListItem.mpaa,US:R) | String.Contains(ListItem.mpaa,USA:R) | String.Contains(ListItem.mpaa,Rated R) | String.IsEqual(ListItem.Mpaa,R) | String.Contains(Container(99950).ListItem.mpaa,US:R) | String.Contains(Container(99950).ListItem.mpaa,USA:R) | String.Contains(Container(99950).ListItem.mpaa,Rated R) | String.IsEqual(Container(99950).ListItem.mpaa,R)">$INFO[Skin.String(RPanelColor)]</value>
		<value condition="String.Contains(ListItem.mpaa,NC-17) | String.Contains(Container(99950).ListItem.mpaa,NC-17)">$INFO[Skin.String(NC17PanelColor)]</value>
		<value condition="String.Contains(ListItem.mpaa,NR) | String.Contains(Container(99950).ListItem.mpaa,NR) | String.Contains(Container(99950).ListItem.mpaa,Not) | String.Contains(Container(99950).ListItem.mpaa,Unrated) | String.Contains(Container(99950).ListItem.mpaa,Passed) | String.Contains(Container(99950).ListItem.mpaa,Approved)">$INFO[Skin.String(NRPanelColor)]</value>
		<!-- US MPAA / TV Ratings -->
		<value condition="String.IsEqual(ListItem.mpaa,TV-Y) | String.IsEqual(Container(99950).ListItem.mpaa,TV-Y)">$INFO[Skin.String(GPanelColor)]</value>
		<value condition="String.Contains(ListItem.mpaa,TV-Y7) | String.Contains(Container(99950).ListItem.mpaa,TV-Y7)">$INFO[Skin.String(GPanelColor)]</value>
		<value condition="String.Contains(ListItem.mpaa,TV-G) | String.Contains(Container(99950).ListItem.mpaa,TV-G)">$INFO[Skin.String(GPanelColor)]</value>
		<value condition="String.Contains(ListItem.mpaa,TV-PG) | String.Contains(Container(99950).ListItem.mpaa,TV-PG)">$INFO[Skin.String(PGPanelColor)]</value>
		<value condition="String.Contains(ListItem.mpaa,TV-14) | String.Contains(Container(99950).ListItem.mpaa,TV-14)">$INFO[Skin.String(PG13PanelColor)]</value>
		<value condition="String.Contains(ListItem.mpaa,TV-MA) | String.Contains(ListItem.mpaa,USA:TV-MA) | String.Contains(Container(99950).ListItem.mpaa,TV-MA) | String.Contains(Container(99950).ListItem.mpaa,USA:TV-MA)">$INFO[Skin.String(RPanelColor)]</value>
		<!---UK classifcations using UK or Rated prefix--->
		<value condition="String.Contains(ListItem.mpaa,UK:U) | String.Contains(ListItem.mpaa,GB-U) | String.Contains(ListItem.mpaa,Rated U) | String.IsEqual(ListItem.mpaa,U) | String.Contains(Container(99950).ListItem.mpaa,UK:U) | String.Contains(Container(99950).ListItem.mpaa,GB-U) | String.Contains(Container(99950).ListItem.mpaa,Rated U) | String.IsEqual(Container(99950).ListItem.mpaa,U)">$INFO[Skin.String(GPanelColor)]</value>
		<value condition="String.Contains(ListItem.mpaa,UK:PG) | String.Contains(ListItem.mpaa,GB-PG) | String.Contains(ListItem.mpaa,Guidance) | String.Contains(Container(99950).ListItem.mpaa,UK:PG) | String.Contains(Container(99950).ListItem.mpaa,GB-PG) | String.Contains(Container(99950).ListItem.mpaa,Guidance)">$INFO[Skin.String(PGPanelColor)]</value>
		<value condition="String.Contains(ListItem.mpaa,UK:12A) | String.Contains(ListItem.mpaa,GB-12A) | String.Contains(ListItem.mpaa,Rated 12A) | String.IsEqual(ListItem.mpaa,12A) | String.Contains(Container(99950).ListItem.mpaa,UK:12A) | String.Contains(Container(99950).ListItem.mpaa,GB-12A) | String.Contains(Container(99950).ListItem.mpaa,Rated 12A) | String.IsEqual(Container(99950).ListItem.mpaa,12A)">$INFO[Skin.String(PG13PanelColor)]</value>
		<value condition="String.IsEqual(ListItem.mpaa,UK:12) | String.IsEqual(ListItem.mpaa,GB-12) | String.IsEqual(ListItem.mpaa,Rated 12) | String.IsEqual(ListItem.mpaa,12) | String.IsEqual(Container(99950).ListItem.mpaa,UK:12) | String.IsEqual(Container(99950).ListItem.mpaa,GB-12) | String.IsEqual(Container(99950).ListItem.mpaa,Rated 12) | String.IsEqual(Container(99950).ListItem.mpaa,12)">$INFO[Skin.String(PG13PanelColor)]</value>
		<value condition="String.Contains(ListItem.mpaa,UK:15) | String.Contains(ListItem.mpaa,GB-15) | String.Contains(ListItem.mpaa,Rated 15) | String.IsEqual(ListItem.mpaa,15) | String.Contains(ListItem.mpaa,Mature) | String.Contains(Container(99950).ListItem.mpaa,UK:15) | String.Contains(Container(99950).ListItem.mpaa,GB-15) | String.Contains(Container(99950).ListItem.mpaa,Rated 15) | String.IsEqual(Container(99950).ListItem.mpaa,15) | String.Contains(Container(99950).ListItem.mpaa,Mature)">$INFO[Skin.String(NC17PanelColor)]</value>
		<value condition="String.Contains(ListItem.mpaa,UK:18) | String.Contains(ListItem.mpaa,GB-18) | String.Contains(ListItem.mpaa,Rated 18) | String.IsEqual(ListItem.mpaa,18) | String.Contains(Container(99950).ListItem.mpaa,UK:18) | String.Contains(Container(99950).ListItem.mpaa,GB-18) | String.Contains(Container(99950).ListItem.mpaa,Rated 18) | String.IsEqual(Container(99950).ListItem.mpaa,18)">$INFO[Skin.String(RPanelColor)]</value>
		<!---Australia classifcations--->
		<value condition="String.Contains(ListItem.mpaa,Rated M) | String.IsEqual(ListItem.mpaa,M) | String.Contains(Container(99950).ListItem.mpaa,Rated M) | String.IsEqual(Container(99950).ListItem.mpaa,M)">$INFO[Skin.String(PG13PanelColor)]</value>
		<value condition="String.Contains(ListItem.mpaa,Rated MA15) | String.Contains(ListItem.mpaa,MA15) | String.Contains(Container(99950).ListItem.mpaa,Rated MA15) | String.Contains(Container(99950).ListItem.mpaa,MA15)">$INFO[Skin.String(NC17PanelColor)]</value>
		<value condition="String.Contains(ListItem.mpaa,Rated R18) | String.Contains(ListItem.mpaa,R18) | String.Contains(Container(99950).ListItem.mpaa,Rated R18) | String.Contains(Container(99950).ListItem.mpaa,R18)">$INFO[Skin.String(RPanelColor)]</value>
		<!---Canada classifcations--->
		<value condition="String.Contains(ListItem.mpaa,Rated 14A) | String.IsEqual(ListItem.mpaa,14A) | String.Contains(Container(99950).ListItem.mpaa,Rated 14A) | String.IsEqual(Container(99950).ListItem.mpaa,14A)">$INFO[Skin.String(PG13PanelColor)]</value>
		<value condition="String.Contains(ListItem.mpaa,Rated 18A) | String.IsEqual(ListItem.mpaa,18A) | String.Contains(Container(99950).ListItem.mpaa,Rated 18A) | String.IsEqual(Container(99950).ListItem.mpaa,18A)">$INFO[Skin.String(RPanelColor)]</value>		
		<!---Central Europe classifcations--->
		<value condition="String.Contains(ListItem.mpaa,Rated 0) | String.IsEqual(ListItem.mpaa,0) | String.Contains(Container(99950).ListItem.mpaa,Rated 0) | String.IsEqual(Container(99950).ListItem.mpaa,0)">$INFO[Skin.String(GPanelColor)]</value>	
		<value condition="String.Contains(ListItem.mpaa,Rated 6) | String.IsEqual(ListItem.mpaa,6) | String.Contains(Container(99950).ListItem.mpaa,Rated 6) | String.IsEqual(Container(99950).ListItem.mpaa,6)">$INFO[Skin.String(GPanelColor)]</value>	
		<value condition="String.Contains(ListItem.mpaa,Rated 10) | String.IsEqual(ListItem.mpaa,10) | String.Contains(Container(99950).ListItem.mpaa,Rated 10) | String.IsEqual(Container(99950).ListItem.mpaa,10)">$INFO[Skin.String(PGPanelColor)]</value>		
		<value condition="String.Contains(ListItem.mpaa,Rated 16) | String.IsEqual(ListItem.mpaa,16) | String.Contains(Container(99950).ListItem.mpaa,Rated 16) | String.IsEqual(Container(99950).ListItem.mpaa,16)">$INFO[Skin.String(NC17PanelColor)]</value>		
		<value condition="!String.IsEmpty(ListItem.mpaa) | !String.IsEmpty(Container(99950).ListItem.mpaa)">$INFO[Skin.String(NRPanelColor)]</value>
	</variable>	
	
	<!-- US MPAA / Movie Ratings - OSD -->
	<variable name="MPAAColorsOSD">
        <value condition="String.Contains(videoplayer.mpaa,US:G) | String.Contains(videoplayer.mpaa,USA:G) | String.Contains(videoplayer.mpaa,Rated G) | String.IsEqual(videoplayer.Mpaa,G) | String.Contains(Window(Home).Property(TMDbHelper.Player.mpaa,US:G)) | String.Contains(Window(Home).Property(TMDbHelper.Player.mpaa,USA:G)) | String.Contains(Window(Home).Property(TMDbHelper.Player.mpaa,Rated G)) | String.IsEqual(Window(Home).Property(TMDbHelper.Player.mpaa,G))">$INFO[Skin.String(GPanelColor)]</value>
		<value condition="String.Contains(videoplayer.mpaa,US:PG-13) | String.Contains(videoplayer.mpaa,USA:PG-13) | String.Contains(videoplayer.mpaa,Rated PG-13) | String.IsEqual(videoplayer.Mpaa,PG-13) | String.Contains(Window(Home).Property(TMDbHelper.Player.mpaa,US:PG-13)) | String.Contains(Window(Home).Property(TMDbHelper.Player.mpaa,USA:PG-13)) | String.Contains(Window(Home).Property(TMDbHelper.Player.mpaa,Rated PG-13)) | String.IsEqual(Window(Home).Property(TMDbHelper.Player.mpaa,PG-13))">$INFO[Skin.String(PG13PanelColor)]</value>
		<value condition="String.IsEqual(videoplayer.mpaa,US:PG) | String.IsEqual(videoplayer.mpaa,USA:PG) | String.IsEqual(videoplayer.mpaa,Rated PG) | String.IsEqual(videoplayer.Mpaa,PG) | String.IsEqual(Window(Home).Property(TMDbHelper.Player.mpaa,US:PG)) | String.IsEqual(Window(Home).Property(TMDbHelper.Player.mpaa,USA:PG)) | String.IsEqual(Window(Home).Property(TMDbHelper.Player.mpaa,Rated PG)) | String.IsEqual(Window(Home).Property(TMDbHelper.Player.mpaa,PG))">$INFO[Skin.String(PGPanelColor)]</value>
		<value condition="String.Contains(videoplayer.mpaa,US:R) | String.Contains(videoplayer.mpaa,USA:R) | String.Contains(videoplayer.mpaa,Rated R) | String.IsEqual(videoplayer.Mpaa,R) | String.Contains(Window(Home).Property(TMDbHelper.Player.mpaa,US:R)) | String.Contains(Window(Home).Property(TMDbHelper.Player.mpaa,USA:R)) | String.Contains(Window(Home).Property(TMDbHelper.Player.mpaa,Rated R)) | String.IsEqual(Window(Home).Property(TMDbHelper.Player.mpaa,R))">$INFO[Skin.String(RPanelColor)]</value>
		<value condition="String.Contains(videoplayer.mpaa,NC-17) | String.Contains(Window(Home).Property(TMDbHelper.Player.mpaa,NC-17))">$INFO[Skin.String(NC17PanelColor)]</value>
		<value condition="String.Contains(videoplayer.mpaa,NR) | String.Contains(Window(Home).Property(TMDbHelper.Player.mpaa,NR)) | String.Contains(Window(Home).Property(TMDbHelper.Player.mpaa,Not)) | String.Contains(Window(Home).Property(TMDbHelper.Player.mpaa,Unrated)) | String.Contains(Window(Home).Property(TMDbHelper.Player.mpaa,Passed)) | String.Contains(Window(Home).Property(TMDbHelper.Player.mpaa,Approved))">$INFO[Skin.String(NRPanelColor)]</value>
		<!-- US MPAA / TV Ratings -->
		<value condition="String.IsEqual(videoplayer.mpaa,TV-Y) | String.IsEqual(Window(Home).Property(TMDbHelper.Player.mpaa,TV-Y))">$INFO[Skin.String(GPanelColor)]</value>
		<value condition="String.Contains(videoplayer.mpaa,TV-Y7) | String.Contains(Window(Home).Property(TMDbHelper.Player.mpaa,TV-Y7))">$INFO[Skin.String(GPanelColor)]</value>
		<value condition="String.Contains(videoplayer.mpaa,TV-G) | String.Contains(Window(Home).Property(TMDbHelper.Player.mpaa,TV-G))">$INFO[Skin.String(GPanelColor)]</value>
		<value condition="String.Contains(videoplayer.mpaa,TV-PG) | String.Contains(Window(Home).Property(TMDbHelper.Player.mpaa,TV-PG))">$INFO[Skin.String(PGPanelColor)]</value>
		<value condition="String.Contains(videoplayer.mpaa,TV-14) | String.Contains(Window(Home).Property(TMDbHelper.Player.mpaa,TV-14))">$INFO[Skin.String(PG13PanelColor)]</value>
		<value condition="String.Contains(videoplayer.mpaa,TV-MA) | String.Contains(videoplayer.mpaa,USA:TV-MA) | String.Contains(Window(Home).Property(TMDbHelper.Player.mpaa,TV-MA)) | String.Contains(Window(Home).Property(TMDbHelper.Player.mpaa,USA:TV-MA))">$INFO[Skin.String(RPanelColor)]</value>
		<!---UK classifcations using UK or Rated prefix--->
		<value condition="String.Contains(videoplayer.mpaa,UK:U) | String.Contains(videoplayer.mpaa,GB-U) | String.Contains(videoplayer.mpaa,Rated U) | String.IsEqual(videoplayer.mpaa,U) | String.Contains(Window(Home).Property(TMDbHelper.Player.mpaa,UK:U)) | String.Contains(Window(Home).Property(TMDbHelper.Player.mpaa,GB-U)) | String.Contains(Window(Home).Property(TMDbHelper.Player.mpaa,Rated U)) | String.IsEqual(Window(Home).Property(TMDbHelper.Player.mpaa,U))">$INFO[Skin.String(GPanelColor)]</value>
		<value condition="String.Contains(videoplayer.mpaa,UK:PG) | String.Contains(videoplayer.mpaa,GB-PG) | String.Contains(videoplayer.mpaa,Guidance) | String.Contains(Window(Home).Property(TMDbHelper.Player.mpaa,UK:PG)) | String.Contains(Window(Home).Property(TMDbHelper.Player.mpaa,GB-PG)) | String.Contains(Window(Home).Property(TMDbHelper.Player.mpaa,Guidance))">$INFO[Skin.String(PGPanelColor)]</value>
		<value condition="String.Contains(videoplayer.mpaa,UK:12A) | String.Contains(videoplayer.mpaa,GB-12A) | String.Contains(videoplayer.mpaa,Rated 12A) | String.IsEqual(videoplayer.mpaa,12A) | String.Contains(Window(Home).Property(TMDbHelper.Player.mpaa,UK:12A)) | String.Contains(Window(Home).Property(TMDbHelper.Player.mpaa,GB-12A)) | String.Contains(Window(Home).Property(TMDbHelper.Player.mpaa,Rated 12A)) | String.IsEqual(Window(Home).Property(TMDbHelper.Player.mpaa,12A))">$INFO[Skin.String(PG13PanelColor)]</value>
		<value condition="String.IsEqual(videoplayer.mpaa,UK:12) | String.IsEqual(videoplayer.mpaa,GB-12) | String.IsEqual(videoplayer.mpaa,Rated 12) | String.IsEqual(videoplayer.mpaa,12) | String.IsEqual(Window(Home).Property(TMDbHelper.Player.mpaa,UK:12)) | String.IsEqual(Window(Home).Property(TMDbHelper.Player.mpaa,GB-12)) | String.IsEqual(Window(Home).Property(TMDbHelper.Player.mpaa,Rated 12)) | String.IsEqual(Window(Home).Property(TMDbHelper.Player.mpaa,12))">$INFO[Skin.String(PG13PanelColor)]</value>
		<value condition="String.Contains(videoplayer.mpaa,UK:15) | String.Contains(videoplayer.mpaa,GB-15) | String.Contains(videoplayer.mpaa,Rated 15) | String.IsEqual(videoplayer.mpaa,15) | String.Contains(videoplayer.mpaa,Mature) | String.Contains(Window(Home).Property(TMDbHelper.Player.mpaa,UK:15)) | String.Contains(Window(Home).Property(TMDbHelper.Player.mpaa,GB-15)) | String.Contains(Window(Home).Property(TMDbHelper.Player.mpaa,Rated 15)) | String.IsEqual(Window(Home).Property(TMDbHelper.Player.mpaa,15)) | String.Contains(Window(Home).Property(TMDbHelper.Player.mpaa,Mature))">$INFO[Skin.String(NC17PanelColor)]</value>
		<value condition="String.Contains(videoplayer.mpaa,UK:18) | String.Contains(videoplayer.mpaa,GB-18) | String.Contains(videoplayer.mpaa,Rated 18) | String.IsEqual(videoplayer.mpaa,18) | String.Contains(Window(Home).Property(TMDbHelper.Player.mpaa,UK:18)) | String.Contains(Window(Home).Property(TMDbHelper.Player.mpaa,GB-18)) | String.Contains(Window(Home).Property(TMDbHelper.Player.mpaa,Rated 18)) | String.IsEqual(Window(Home).Property(TMDbHelper.Player.mpaa,18))">$INFO[Skin.String(RPanelColor)]</value>
		<!---Australia classifcations--->
		<value condition="String.Contains(videoplayer.mpaa,Rated M) | String.IsEqual(videoplayer.mpaa,M) | String.Contains(Window(Home).Property(TMDbHelper.Player.mpaa,Rated M)) | String.IsEqual(Window(Home).Property(TMDbHelper.Player.mpaa,M))">$INFO[Skin.String(PG13PanelColor)]</value>
		<value condition="String.Contains(videoplayer.mpaa,Rated MA15) | String.Contains(videoplayer.mpaa,MA15) | String.Contains(Window(Home).Property(TMDbHelper.Player.mpaa,Rated MA15)) | String.Contains(Window(Home).Property(TMDbHelper.Player.mpaa,MA15))">$INFO[Skin.String(NC17PanelColor)]</value>
		<value condition="String.Contains(videoplayer.mpaa,Rated R18) | String.Contains(videoplayer.mpaa,R18) | String.Contains(Window(Home).Property(TMDbHelper.Player.mpaa,Rated R18)) | String.Contains(Window(Home).Property(TMDbHelper.Player.mpaa,R18))">$INFO[Skin.String(RPanelColor)]</value>
		<!---Canada classifcations--->
		<value condition="String.Contains(videoplayer.mpaa,Rated 14A) | String.IsEqual(videoplayer.mpaa,14A) | String.Contains(Window(Home).Property(TMDbHelper.Player.mpaa,Rated 14A)) | String.IsEqual(Window(Home).Property(TMDbHelper.Player.mpaa,14A))">$INFO[Skin.String(PG13PanelColor)]</value>
		<value condition="String.Contains(videoplayer.mpaa,Rated 18A) | String.IsEqual(videoplayer.mpaa,18A) | String.Contains(Window(Home).Property(TMDbHelper.Player.mpaa,Rated 18A)) | String.IsEqual(Window(Home).Property(TMDbHelper.Player.mpaa,18A))">$INFO[Skin.String(RPanelColor)]</value>		
		<!---Central Europe classifcations--->
		<value condition="String.Contains(videoplayer.mpaa,Rated 0) | String.IsEqual(videoplayer.mpaa,0) | String.Contains(Window(Home).Property(TMDbHelper.Player.mpaa,Rated 0)) | String.IsEqual(Window(Home).Property(TMDbHelper.Player.mpaa,0))">$INFO[Skin.String(GPanelColor)]</value>	
		<value condition="String.Contains(videoplayer.mpaa,Rated 6) | String.IsEqual(videoplayer.mpaa,6) | String.Contains(Window(Home).Property(TMDbHelper.Player.mpaa,Rated 6)) | String.IsEqual(Window(Home).Property(TMDbHelper.Player.mpaa,6))">$INFO[Skin.String(GPanelColor)]</value>	
		<value condition="String.Contains(videoplayer.mpaa,Rated 10) | String.IsEqual(videoplayer.mpaa,10) | String.Contains(Window(Home).Property(TMDbHelper.Player.mpaa,Rated 10)) | String.IsEqual(Window(Home).Property(TMDbHelper.Player.mpaa,10))">$INFO[Skin.String(PGPanelColor)]</value>		
		<value condition="String.Contains(videoplayer.mpaa,Rated 16) | String.IsEqual(videoplayer.mpaa,16) | String.Contains(Window(Home).Property(TMDbHelper.Player.mpaa,Rated 16)) | String.IsEqual(Window(Home).Property(TMDbHelper.Player.mpaa,16))">$INFO[Skin.String(NC17PanelColor)]</value>		
		<value condition="!String.IsEmpty(videoplayer.mpaa) | !String.IsEmpty(Window(Home).Property(TMDbHelper.Player.mpaa))">$INFO[Skin.String(NRPanelColor)]</value>
	</variable>
 
    <include name="mediaflags_text">
        <control type="grouplist">
			<orientation>horizontal</orientation>
			<height>40</height>
			<posy>9</posy>
            <posx>12</posx>
            <control type="image">
                <width>32</width>
                <height>34</height>
                <colordiffuse>$INFO[Skin.String(OSDPrimaryTextColor)]</colordiffuse>
                <texture>flags/video.png</texture>
                <bordersize>3</bordersize>
                <visible>!String.IsEmpty(Control.GetLabel(44223))</visible>
            </control>
            <control type="label" id="44223">
                <font>flags</font>
                <width>auto</width>
                <height>30</height>
                <label>$VAR[VideoFileTypeVar]$VAR[VideoCodecVar, • ]$VAR[VideoAspectVar, • ]$VAR[VideoResolutionVar, • ]</label>
                <textcolor>$INFO[Skin.String(OSDPrimaryTextColor)]</textcolor>
                <visible>!String.IsEmpty(Control.GetLabel(44223))</visible>
            </control>

            <control type="label">
                <!-- whitespace -->
                <width>8</width>
                <height>30</height>
                <label/>
                <visible>!String.IsEmpty(Control.GetLabel(44224))</visible>
            </control>

            <control type="image">
                <width>35</width>
                <height>38</height>
                <colordiffuse>$INFO[Skin.String(OSDPrimaryTextColor)]</colordiffuse>
                <texture>flags/audio.png</texture>
                <bordersize>3</bordersize>
                <visible>!String.IsEmpty(Control.GetLabel(44224))</visible>
            </control>
            <control type="label" id="44224">
                <font>flags</font>
                <width>auto</width>
                <height>26</height>
                <textcolor>$INFO[Skin.String(OSDPrimaryTextColor)]</textcolor>
                <label>$VAR[AudioCodecVar]$VAR[AudioChannelsVar, • ]$VAR[AudioLanguageVar, • ]</label>
                <visible>!String.IsEmpty(Control.GetLabel(44224))</visible>
            </control>
            <control type="label">
                <!-- whitespace -->
                <width>8</width>
                <height>30</height>
                <label/>
                <visible>!String.IsEmpty(Control.GetLabel(44224))</visible>
                <visible>!String.StartsWith(ListItem.Path,videodb://movies/sets/)</visible>
            </control>
			<control type="image">
                <width>44</width>
                <height>33</height>
                <colordiffuse>$INFO[Skin.String(OSDPrimaryTextColor)]</colordiffuse>
                <texture>flags/subtitles.png</texture>
                <visible>!String.IsEmpty(Control.GetLabel(44230))</visible>
                <visible>![Window.IsActive(Home) + Skin.String(widgetstyle, single box)]</visible>
            </control>
            <control type="label" id="44230">
                <font>flags</font>
                <width>auto</width>
                <height>26</height>
                <textcolor>$INFO[Skin.String(OSDPrimaryTextColor)]</textcolor>
                <label>$VAR[SubtitleLanguageVar]</label>
                <visible>!String.IsEmpty(Control.GetLabel(44230))</visible>
                <visible>![Window.IsActive(Home) + Skin.String(widgetstyle, single box)]</visible>
            </control> 
            <control type="label">
            <!-- whitespace  -->
                <width>8</width>
                <height>30</height>
                <label/>
                <visible>!String.IsEmpty(Control.GetLabel(44230))</visible>
                <visible>!String.StartsWith(ListItem.Path,videodb://movies/sets/)</visible>
            </control> -->
            <control type="image">
                <width>36</width>
                <height>36</height>
                <colordiffuse>$INFO[Skin.String(OSDPrimaryTextColor)]</colordiffuse>
                <texture>flags/mpaa.png</texture>
                <bordersize>3</bordersize>
                <visible>!String.IsEmpty(Control.GetLabel(44225))</visible>
                <visible>!String.StartsWith(ListItem.Path,videodb://movies/sets/)</visible>
            </control>
            <control type="label" id="44225">
                <font>flags</font>
                <height>30</height>
                <width>auto</width>
                <textcolor>$INFO[Skin.String(OSDPrimaryTextColor)]</textcolor>
                <label>$VAR[GetMPAAOSD]</label>
                <visible>!String.IsEmpty(Control.GetLabel(44225))</visible>
                <visible>!String.StartsWith(ListItem.Path,videodb://movies/sets/)</visible>
            </control>
        </control>
    </include>
    
    <include name="mediaflagsAudio">
        <control type="grouplist">
			<orientation>horizontal</orientation>
			<height>40</height>
            <control type="image">
                <width>36</width>
                <height>36</height>
                <colordiffuse>$INFO[Skin.String(OSDPrimaryTextColor)]</colordiffuse>
                <texture>flags/audio.png</texture>
                <bordersize>3</bordersize>
                <visible>!String.IsEmpty(Control.GetLabel(44224))</visible>
            </control>
            <control type="label" id="44224">
                <font>flags</font>
                <width>auto</width>
                <height>24</height>
                <textcolor>$INFO[Skin.String(OSDPrimaryTextColor)]</textcolor>
                <label>$VAR[AudioCodecVar,, • ]$VAR[AudioChannelsVar]$INFO[MusicPlayer.BitRate, • , kbps]</label>
                <visible>!String.IsEmpty(Control.GetLabel(44224))</visible>
            </control>
		</control>
    </include>
	
    <variable name="mediaFlagsFontColor">
        <value condition="String.StartsWith(Window.Property(xmlfile),My)">$INFO[Skin.String(FooterIconColor)]</value>
        <value condition="Window.IsActive(fullscreenvideo)">$INFO[Skin.String(OSDMediaInfoColor)]</value>
        <value>$INFO[Skin.String(ViewDetailsTextColor)]</value>
    </variable>   
	
	<variable name="VideoAspectVar">
        <value condition="Skin.String(mediaflagsstyle,classic) + !String.IsEmpty(ListItem.VideoAspect)">$INFO[ListItem.VideoAspect]</value>
        <value condition="Skin.String(mediaflagsstyle,classic) + !String.IsEmpty(Window(Home).Property(ListItem.VideoAspect))">$INFO[Window(Home).Property(ListItem.VideoAspect)]</value>
        <value condition="Skin.String(osdmediaflagsstyle,classic) + Window.IsActive(fullscreenvideo) + !String.IsEmpty(VideoPlayer.VideoAspect)">$INFO[VideoPlayer.VideoAspect]</value>
 		
        <value condition="String.IsEqual(ListItem.VideoAspect,1.33)">4:3</value>
		<value condition="String.IsEqual(ListItem.VideoAspect,1.37)">4:3</value>
		<value condition="String.IsEqual(ListItem.VideoAspect,1.78)">16:9</value>
		<value condition="String.IsEqual(ListItem.VideoAspect,1.85)">16:9</value>
        <value condition="!String.IsEmpty(ListItem.VideoAspect)">$INFO[ListItem.VideoAspect]</value>
        
        <value condition="String.IsEqual(Window(Home).Property(ListItem.VideoAspect),1.33)">4:3</value>
		<value condition="String.IsEqual(Window(Home).Property(ListItem.VideoAspect),1.37)">4:3</value>
		<value condition="String.IsEqual(Window(Home).Property(ListItem.VideoAspect),1.78)">16:9</value>
		<value condition="String.IsEqual(Window(Home).Property(ListItem.VideoAspect),1.85)">16:9</value>
		<value condition="!String.IsEmpty(Window(Home).Property(ListItem.VideoAspect))">$INFO[Window(Home).Property(ListItem.VideoAspect)]</value>
        
		<value condition="Window.IsActive(fullscreenvideo) + String.IsEqual(VideoPlayer.VideoAspect,1.33)">4:3</value>
		<value condition="Window.IsActive(fullscreenvideo) + String.IsEqual(VideoPlayer.VideoAspect,1.37)">4:3</value>
		<value condition="Window.IsActive(fullscreenvideo) + String.IsEqual(VideoPlayer.VideoAspect,1.78)">16:9</value>
		<value condition="Window.IsActive(fullscreenvideo) + String.IsEqual(VideoPlayer.VideoAspect,1.85)">16:9</value>
		<value condition="Window.IsActive(fullscreenvideo) + !String.IsEmpty(VideoPlayer.VideoAspect)">$INFO[VideoPlayer.VideoAspect]</value>

	</variable>
    
    <variable name="VideoResolutionVar">
		<value condition="Window.IsActive(fullscreenvideo) + !String.IsEmpty(VideoPlayer.VideoResolution)">$INFO[VideoPlayer.VideoResolution]</value>
        <value condition="!Window.IsActive(fullscreenvideo) + !String.IsEmpty(ListItem.VideoResolution)">$INFO[ListItem.VideoResolution]</value>
		<value condition="!String.IsEmpty(Window(Home).Property(ListItem.VideoResolution))">$INFO[Window(Home).Property(ListItem.VideoResolution)]</value>
	</variable>

	<variable name="VideoCodecVar">
        <!-- videoplayer -->
        <value condition="Skin.String(osdmediaflagsstyle,classic) + Window.IsActive(fullscreenvideo) + !String.IsEmpty(VideoPlayer.VideoCodec)">$INFO[VideoPlayer.VideoCodec]</value>
        <value condition="Window.IsActive(fullscreenvideo) + String.Contains(VideoPlayer.VideoCodec,H264)">H.264</value>
		<value condition="Window.IsActive(fullscreenvideo) + String.Contains(VideoPlayer.VideoCodec,H265)">H.265</value>
		<value condition="Window.IsActive(fullscreenvideo) + String.Contains(VideoPlayer.VideoCodec,MPEG2)">MPEG2</value>
		<value condition="Window.IsActive(fullscreenvideo) + !String.IsEmpty(VideoPlayer.VideoCodec)">$INFO[VideoPlayer.VideoCodec]</value>
        
        <!-- normal listitem -->
        <value condition="Skin.String(mediaflagsstyle,classic) + !String.IsEmpty(ListItem.VideoCodec)">$INFO[ListItem.VideoCodec]</value>
		<value condition="String.Contains(ListItem.VideoCodec,H264)">H.264</value>
		<value condition="String.Contains(ListItem.VideoCodec,H265)">H.265</value>
		<value condition="String.Contains(ListItem.VideoCodec,MPEG2)">MPEG2</value>
        <value condition="!String.IsEmpty(ListItem.VideoCodec)">$INFO[ListItem.VideoCodec]</value>
        
        <!-- widgets -->
        <value condition="Skin.String(mediaflagsstyle,classic) + !String.IsEmpty(Window(Home).Property(ListItem.VideoCodec))">$INFO[Window(Home).Property(ListItem.VideoCodec)]</value>

		<value condition="String.Contains(Window(Home).Property(ListItem.VideoCodec),H264)">H.264</value>
		<value condition="String.Contains(Window(Home).Property(ListItem.VideoCodec),H265)">H.265</value>
		<value condition="String.Contains(Window(Home).Property(ListItem.VideoCodec),MPEG2)">MPEG2</value>
		<value condition="!String.IsEmpty(Window(Home).Property(ListItem.VideoCodec))">$INFO[Window(Home).Property(ListItem.VideoCodec)]</value>
	</variable>

	<variable name="VideoFileTypeVar">
        <value condition="Window.IsActive(fullscreenvideo) + [VideoPlayer.IsStereoScopic | String.Contains(Player.FileName,.3d.)]">3D</value>
		<value condition="Window.IsActive(fullscreenvideo) + String.IsEqual(VideoPlayer.VideoResolution,8K)">8K</value>
		<value condition="Window.IsActive(fullscreenvideo) + [Integer.IsGreater(VideoPlayer.VideoResolution,1080) | String.IsEqual(VideoPlayer.VideoResolution,4K)]">4K</value>
		<value condition="Window.IsActive(fullscreenvideo) + [String.Contains(Player.FilenameAndPath,blu-ray) | String.Contains(Player.FilenameAndPath,bluray) | String.Contains(Player.FilenameAndPath,bdrip) | String.Contains(Player.FilenameAndPath,bd25) | String.Contains(Player.FilenameAndPath,bd50)]">BD</value>
		<value condition="Window.IsActive(fullscreenvideo) + String.EndsWith(Player.FileNameAndPath,dvd) | String.EndsWith(Player.FileNameAndPath,.ifo) | String.Contains(Player.FileNameAndPath,.ISO)">DVD</value>
		<value condition="Window.IsActive(fullscreenvideo) + String.Contains(Player.FileNameAndPath,WEBDL) | String.Contains(Player.FileNameAndPath,WEB-DL)">WEB-DL</value>
		<value condition="Window.IsActive(fullscreenvideo) + String.Contains(Player.FileNameAndPath,WEBRIP) | String.Contains(Player.FileNameAndPath,WEB-RIP)">WEBRIP</value>
		<value condition="Window.IsActive(fullscreenvideo) + Integer.IsGreater(VideoPlayer.VideoResolution,719) + !String.IsEmpty(VideoPlayer.VideoResolution)">HD</value>
		<value condition="Window.IsActive(fullscreenvideo) + !Integer.IsGreater(VideoPlayer.VideoResolution,719) + !String.IsEmpty(VideoPlayer.VideoResolution)">SD</value>
		<value condition="Window.IsActive(fullscreenvideo) + !String.IsEmpty(Player.FileExtension)">$INFO[Player.FileExtension]</value>
        <value condition="Window.IsActive(visualisation) + !String.IsEmpty(Player.FileExtension)">$INFO[Player.FileExtension]</value>
        
		<value condition="!String.IsEmpty(ListItem.VideoCodec) + [ListItem.IsStereoScopic | String.Contains(ListItem.FileName,.3d.)]">3D</value>
		<value condition="!String.IsEmpty(ListItem.VideoCodec) + [Integer.IsGreater(ListItem.VideoResolution,1080) | String.IsEqual(ListItem.VideoResolution,4K)]">4K</value>
		<value condition="!String.IsEmpty(ListItem.VideoCodec) + [String.Contains(ListItem.FilenameAndPath,bdmv) | String.Contains(ListItem.FilenameAndPath,blu-ray) | String.Contains(ListItem.FilenameAndPath,bluray) | String.Contains(ListItem.FilenameAndPath,bdrip) | String.Contains(ListItem.FilenameAndPath,bd25) | String.Contains(ListItem.FilenameAndPath,bd50)]">BD</value>
		<value condition="!String.IsEmpty(ListItem.VideoCodec) + [String.EndsWith(ListItem.FileNameAndPath,dvd) | String.EndsWith(ListItem.FileNameAndPath,.ifo) | String.EndsWith(ListItem.FileNameAndPath,.iso)]">DVD</value>
		<value condition="!String.IsEmpty(ListItem.VideoCodec) + [String.Contains(ListItem.FileNameAndPath,WEBDL) | String.Contains(ListItem.FileNameAndPath,WEB-DL)]">WEB-DL</value>
		<value condition="!String.IsEmpty(ListItem.VideoCodec) + [String.Contains(ListItem.FileNameAndPath,WEBRIP) | String.Contains(ListItem.FileNameAndPath,WEB-RIP)]">WEBRIP</value>
		<value condition="!String.IsEmpty(ListItem.VideoCodec) + Integer.IsGreater(ListItem.VideoResolution,719) + !String.IsEmpty(ListItem.VideoResolution)">HD</value>
		<value condition="!String.IsEmpty(ListItem.VideoCodec) + !Integer.IsGreater(ListItem.VideoResolution,719) + !String.IsEmpty(ListItem.VideoResolution)">SD</value>
		<value condition="!String.IsEmpty(ListItem.VideoCodec) + !String.IsEmpty(ListItem.FileExtension)">$INFO[ListItem.FileExtension]</value>
		
		<value condition="!String.IsEmpty(Window(Home).Property(ListItem.VideoCodec)) + [Window(Home).Property(ListItem.IsStereoScopic) | String.Contains(Window(Home).Property(ListItem.FileName),.3d.)]">3D</value>
        <value condition="!String.IsEmpty(Window(Home).Property(ListItem.VideoCodec)) + [Integer.IsGreater(Window(Home).Property(ListItem.VideoResolution),1080) | String.IsEqual(Window(Home).Property(ListItem.VideoResolution),4K)]">4K</value>
        <value condition="!String.IsEmpty(Window(Home).Property(ListItem.VideoCodec)) + [String.Contains(Window(Home).Property(ListItem.FilenameAndPath),blu-ray) | String.Contains(Window(Home).Property(ListItem.FilenameAndPath),bluray) | String.Contains(Window(Home).Property(ListItem.FilenameAndPath),bdrip) | String.Contains(Window(Home).Property(ListItem.FilenameAndPath),bd25) | String.Contains(Window(Home).Property(ListItem.FilenameAndPath),bd50)]">BD</value>
        <value condition="!String.IsEmpty(Window(Home).Property(ListItem.VideoCodec)) + [String.EndsWith(Window(Home).Property(ListItem.FileNameAndPath),dvd) | String.EndsWith(Window(Home).Property(ListItem.FileNameAndPath),.ifo) | String.EndsWith(Window(Home).Property(ListItem.FileNameAndPath),.iso)]">DVD</value>
        <value condition="!String.IsEmpty(Window(Home).Property(ListItem.VideoCodec)) + [String.Contains(Window(Home).Property(ListItem.FileNameAndPath),WEBDL) | String.Contains(Window(Home).Property(ListItem.FileNameAndPath),WEB-DL)]">WEB-DL</value>
        <value condition="!String.IsEmpty(Window(Home).Property(ListItem.VideoCodec)) + [String.Contains(Window(Home).Property(ListItem.FileNameAndPath),WEBRIP) | String.Contains(Window(Home).Property(ListItem.FileNameAndPath),WEB-RIP)]">WEBRIP</value>
        <value condition="!String.IsEmpty(Window(Home).Property(ListItem.VideoCodec)) + [Integer.IsGreater(Window(Home).Property(ListItem.VideoResolution),719) + !String.IsEmpty(Window(Home).Property(ListItem.VideoResolution))]">HD</value>
        <value condition="!String.IsEmpty(Window(Home).Property(ListItem.VideoCodec)) + [!Integer.IsGreater(Window(Home).Property(ListItem.VideoResolution),719) + !String.IsEmpty(Window(Home).Property(ListItem.VideoResolution))]">SD</value>
        <value condition="!String.IsEmpty(Window(Home).Property(ListItem.VideoCodec)) + !String.IsEmpty(Window(Home).Property(ListItem.FileExtension))">$INFO[Window(Home).Property(ListItem.FileExtension)]</value>
	</variable>
	
	<variable name="AudioCodecVar">
        <value condition="!String.Contains(ListItem.Title,atmos) + String.Contains(ListItem.Filenameandpath,atmos)">ATMOS</value>
        <value condition="!String.Contains(ListItem.Title,dts-x) + String.Contains(ListItem.Filenameandpath,dts-x) | !String.Contains(ListItem.Title,dtsx) + String.Contains(ListItem.Filenameandpath,dtsx)">DTS-X</value>

		<value condition="String.Contains(ListItem.AudioCodec,ac3)">DOLBY</value>
		<value condition="String.Contains(ListItem.AudioCodec,truehd)">TRUEHD</value>
		<value condition="String.Contains(ListItem.AudioCodec,atmos)">ATMOS</value>
		<value condition="String.IsEqual(ListItem.AudioCodec,dtsx)">DTS-X</value>
		<value condition="String.IsEqual(ListItem.AudioCodec,dca)">DTS</value>
		<value condition="String.IsEqual(ListItem.AudioCodec,dts)">DTS</value>
		<value condition="String.Contains(ListItem.AudioCodec,dts-hd)">DTS HD</value>
		<value condition="String.Contains(ListItem.AudioCodec,dtshd)">DTS HD</value>
		<value condition="String.Contains(ListItem.AudioCodec,pcm)">PCM</value>
		<value condition="String.Contains(ListItem.AudioCodec,aac)">AAC</value>
        <value condition="!String.IsEmpty(ListItem.AudioCodec)">$INFO[ListItem.AudioCodec]</value>
		
		<value condition="Window.IsActive(visualisation) + !String.IsEmpty(MusicPlayer.Codec)">$INFO[MusicPlayer.Codec]</value>
		<value condition="Window.IsActive(fullscreenvideo) + String.IsEqual(VideoPlayer.AudioCodec,ac3)">DOLBY</value>
		<value condition="Window.IsActive(fullscreenvideo) + String.IsEqual(VideoPlayer.AudioCodec,dca)">DTS</value>
		<value condition="Window.IsActive(fullscreenvideo) + String.Contains(VideoPlayer.AudioCodec,dts-hd)">DTS HD</value>
		<value condition="Window.IsActive(fullscreenvideo) + String.Contains(VideoPlayer.AudioCodec,dtshd)">DTS HD</value>
		<value condition="Window.IsActive(fullscreenvideo) + String.Contains(VideoPlayer.AudioCodec,pcm)">PCM</value>
		<value condition="Window.IsActive(fullscreenvideo) + !String.IsEmpty(VideoPlayer.AudioCodec)">$INFO[VideoPlayer.AudioCodec]</value>
		
		<value condition="String.IsEqual(Window(Home).Property(ListItem.AudioCodec),ac3)">DOLBY</value>
		<value condition="String.IsEqual(Window(Home).Property(ListItem.AudioCodec),dca)">DTS</value>
		<value condition="String.Contains(Window(Home).Property(ListItem.AudioCodec),dts-hd)">DTS HD</value>
		<value condition="String.Contains(Window(Home).Property(ListItem.AudioCodec),dtshd)">DTS HD</value>
		<value condition="String.Contains(Window(Home).Property(ListItem.AudioCodec),pcm)">PCM</value>
		<value condition="String.Contains(Window(Home).Property(ListItem.AudioCodec),atmos)">ATMOS</value>
        <value condition="String.Contains(Window(Home).Property(ListItem.AudioCodec),dtsx)">DTS-X</value>
		<value condition="!String.IsEmpty(Window(Home).Property(ListItem.AudioCodec))">$INFO[Window(Home).Property(ListItem.AudioCodec)]</value>
	</variable>
    
    <variable name="AudioLanguageVar">
        <value condition="!String.IsEmpty(ListItem.AudioLanguage)">$INFO[ListItem.AudioLanguage]</value>
		<value condition="!String.IsEmpty(Window(Home).Property(ListItem.AudioLanguage))">$INFO[Window(Home).Property(ListItem.AudioLanguage)]</value>
        <value condition="Window.IsActive(fullscreenvideo) + !String.IsEmpty(VideoPlayer.AudioLanguage)">$INFO[VideoPlayer.AudioLanguage]</value>
	</variable>
    
    <variable name="SubtitleLanguageVar">
        <value condition="!String.IsEmpty(ListItem.SubtitlesLanguage) + !String.IsEqual(ListItem.SubtitlesLanguage,unknown)">$INFO[ListItem.SubtitlesLanguage]</value>
		<value condition="!String.IsEmpty(Window(Home).Property(ListItem.SubtitlesLanguage)) + !String.IsEqual(Window(Home).Property(ListItem.SubTitlesLanguage),unknown)">$INFO[Window(Home).Property(ListItem.SubTitlesLanguage)]</value>
        <value condition="Window.IsActive(fullscreenvideo) + !String.IsEmpty(VideoPlayer.SubtitlesLanguage) + !String.IsEqual(VideoPlayer.SubtitlesLanguage,unknown)">$INFO[VideoPlayer.SubtitlesLanguage]</value>
	</variable>
	
	<variable name="AudioChannelsVar">
        <value condition="Skin.String(mediaflagsstyle,classic) + !String.IsEmpty(ListItem.AudioChannels)">$INFO[ListItem.AudioChannels]</value>
        <value condition="Skin.String(mediaflagsstyle,classic) + !String.IsEmpty(Window(Home).Property(ListItem.AudioChannels))">$INFO[Window(Home).Property(ListItem.AudioChannels)]</value>
        <value condition="Skin.String(osdmediaflagsstyle,classic) + Window.IsActive(fullscreenvideo) + !String.IsEmpty(VideoPlayer.AudioChannels)">$INFO[VideoPlayer.AudioChannels]</value>
 		<value condition="String.IsEqual(ListItem.AudioChannels,1)">1.0</value>
		<value condition="String.IsEqual(ListItem.AudioChannels,2)">2.0</value>
		<value condition="String.IsEqual(ListItem.AudioChannels,3)">2.1</value>
		<value condition="String.IsEqual(ListItem.AudioChannels,4)">4.0</value>
		<value condition="String.IsEqual(ListItem.AudioChannels,5)">5.0</value>
		<value condition="String.IsEqual(ListItem.AudioChannels,6)">5.1</value>
		<value condition="String.IsEqual(ListItem.AudioChannels,7)">6.1</value>
		<value condition="String.IsEqual(ListItem.AudioChannels,8)">7.1</value>
		<value condition="String.IsEqual(ListItem.AudioChannels,9)">8.1</value>
        <value condition="String.IsEqual(ListItem.AudioChannels,10)">9.1</value>
        <value condition="!String.IsEmpty(ListItem.Channels)">$INFO[ListItem.Channels]</value>
        <value condition="String.IsEqual(Window(Home).Property(ListItem.AudioChannels),1)">1.0</value>
		<value condition="String.IsEqual(Window(Home).Property(ListItem.AudioChannels),2)">2.0</value>
		<value condition="String.IsEqual(Window(Home).Property(ListItem.AudioChannels),3)">2.1</value>
		<value condition="String.IsEqual(Window(Home).Property(ListItem.AudioChannels),4)">4.0</value>
		<value condition="String.IsEqual(Window(Home).Property(ListItem.AudioChannels),5)">5.0</value>
		<value condition="String.IsEqual(Window(Home).Property(ListItem.AudioChannels),6)">5.1</value>
		<value condition="String.IsEqual(Window(Home).Property(ListItem.AudioChannels),7)">6.1</value>
		<value condition="String.IsEqual(Window(Home).Property(ListItem.AudioChannels),8)">7.1</value>
		<value condition="String.IsEqual(Window(Home).Property(ListItem.AudioChannels),9)">8.1</value>
        <value condition="String.IsEqual(Window(Home).Property(ListItem.AudioChannels),10)">9.1</value>
		<value condition="!String.IsEmpty(Window(Home).Property(ListItem.AudioChannels))">$INFO[Window(Home).Property(ListItem.AudioChannels)]</value>
		
		<value condition="Window.IsActive(visualisation) + String.IsEqual(MusicPlayer.Channels,1)">1.0</value>
		<value condition="Window.IsActive(visualisation) + String.IsEqual(MusicPlayer.Channels,2)">2.0</value>
		<value condition="Window.IsActive(visualisation) + String.IsEqual(MusicPlayer.Channels,3)">2.1</value>
		<value condition="Window.IsActive(visualisation) + String.IsEqual(MusicPlayer.Channels,4)">4.0</value>
		<value condition="Window.IsActive(visualisation) + String.IsEqual(MusicPlayer.Channels,5)">5.0</value>
		<value condition="Window.IsActive(visualisation) + String.IsEqual(MusicPlayer.Channels,6)">5.1</value>
		<value condition="Window.IsActive(visualisation) + String.IsEqual(MusicPlayer.Channels,7)">6.1</value>
		<value condition="Window.IsActive(visualisation) + String.IsEqual(MusicPlayer.Channels,8)">7.1</value>
		<value condition="Window.IsActive(visualisation) + String.IsEqual(MusicPlayer.Channels,9)">8.1</value>
        <value condition="Window.IsActive(visualisation) + String.IsEqual(MusicPlayer.Channels,10)">9.1</value>
		<value condition="Window.IsActive(visualisation) + !String.IsEmpty(MusicPlayer.Channels)">$INFO[MusicPlayer.Channels]</value>
		
		<value condition="Window.IsActive(fullscreenvideo) + String.IsEqual(VideoPlayer.AudioChannels,1)">1.0</value>
		<value condition="Window.IsActive(fullscreenvideo) + String.IsEqual(VideoPlayer.AudioChannels,2)">2.0</value>
		<value condition="Window.IsActive(fullscreenvideo) + String.IsEqual(VideoPlayer.AudioChannels,3)">2.1</value>
		<value condition="Window.IsActive(fullscreenvideo) + String.IsEqual(VideoPlayer.AudioChannels,4)">4.0</value>
		<value condition="Window.IsActive(fullscreenvideo) + String.IsEqual(VideoPlayer.AudioChannels,5)">5.0</value>
		<value condition="Window.IsActive(fullscreenvideo) + String.IsEqual(VideoPlayer.AudioChannels,6)">5.1</value>
		<value condition="Window.IsActive(fullscreenvideo) + String.IsEqual(VideoPlayer.AudioChannels,7)">6.1</value>
		<value condition="Window.IsActive(fullscreenvideo) + String.IsEqual(VideoPlayer.AudioChannels,8)">7.1</value>
		<value condition="Window.IsActive(fullscreenvideo) + String.IsEqual(VideoPlayer.AudioChannels,9)">9.0</value>
        <value condition="Window.IsActive(fullscreenvideo) + String.IsEqual(VideoPlayer.AudioChannels,10)">9.1</value>
		<value condition="Window.IsActive(fullscreenvideo) + !String.IsEmpty(VideoPlayer.AudioChannels)">$INFO[VideoPlayer.AudioChannels]</value>

	</variable>
	
<!-- Color MPAA icons -->
    <include name="MPAA_Details_RowUS_Footer_Color">
	<include>Default_Visible_Fade</include>
	<!-- Icon display -->
	<control type="button">
			<visible>!String.IsEmpty(ListItem.MPAA) | !String.IsEmpty(Container(99950).ListItem.mpaa)</visible>
				<posy>17</posy>
				<posx>0</posx>
				<height>46</height>
                <width min="50">auto</width>
				<align>center</align>
				<aligny>top</aligny>
				<textwidth>140</textwidth> 
				<textcolor>$INFO[Skin.String(MPAATextColor)]</textcolor>
				<disabledcolor>$INFO[Skin.String(MPAATextColor)]</disabledcolor>
				<colordiffuse>$VAR[MPAAColors]</colordiffuse>
				<texturenofocus border="10">bingie/usicons/usfooter/color.png</texturenofocus>
				<texturefocus border="10">bingie/usicons/usfooter/color.png</texturefocus>
				<textoffsetx>10</textoffsetx>
				<textoffsety>-1</textoffsety>
				<font>footer_mpaa</font>
				<label>$VAR[GetMPAA]</label>
				<enable>false</enable>
        </control>
</include>

<!-- Color MPAA icons - Fixed size -->
    <include name="MPAA_Details_RowUS_Footer_Color_Fixed_Size">
	<include>Default_Visible_Fade</include>
	<!-- Icon display -->
	<control type="group">
			<visible>!String.IsEmpty(ListItem.MPAA) | !String.IsEmpty(Container(99950).ListItem.mpaa)</visible>
			<height>46</height>
            <width>97</width>
	<control type="image">
			<top>17</top>
			<width>97</width>
			<height>46</height>
            <aspectratio>keep</aspectratio>
			<texture border="6">bingie/usicons/usfixedfooter/fixedfooter.png</texture>
			<colordiffuse>$INFO[Skin.String(PanelBorderColor)]</colordiffuse>
			<include>Default_Visible_Fade</include>
    </control>
	<control type="image">
			<right>3</right>
			<top>20</top>
			<width>91</width>
			<height>40</height>
            <aspectratio>keep</aspectratio>
			<texture border="4">bingie/usicons/usfixedfooter/fixedfooter2.png</texture>
			<colordiffuse>$VAR[MPAAColors]</colordiffuse>
			<include>Default_Visible_Fade</include>
    </control>
	<control type="label">
			<posy>17</posy>
			<align>center</align>
			<aligny>top</aligny>
			<textwidth>87</textwidth> 
			<textcolor>$INFO[Skin.String(MPAATextColor)]</textcolor>
			<textoffsetx>10</textoffsetx>
			<textoffsety>-1</textoffsety>
			<font>footer_mpaa</font>
			<label>$VAR[GetMPAA]</label>
			<scroll>true</scroll>
        </control>
	</control>
</include>

<!-- White MPAA icons -->
    <include name="MPAA_Details_RowUS_Footer_White">
	<include>Default_Visible_Fade</include>
	<!-- Icon display -->
	<control type="button">
			<visible>!String.IsEmpty(ListItem.MPAA) | !String.IsEmpty(Container(99950).ListItem.mpaa)</visible>
				<posy>17</posy>
				<posx>0</posx>
				<height>46</height>
                <width min="50">auto</width>
				<align>center</align>
				<aligny>top</aligny>
				<textwidth>140</textwidth> 
				<textcolor>$VAR[mediaFlagsFontColor]</textcolor>
				<disabledcolor>$VAR[mediaFlagsFontColor]</disabledcolor>
				<texturenofocus border="10" colordiffuse="$VAR[mediaFlagsFontColor]">bingie/usicons/usfooter/white.png</texturenofocus>
				<texturefocus border="10" colordiffuse="$VAR[mediaFlagsFontColor]">bingie/usicons/usfooter/white.png</texturefocus>
				<textoffsetx>10</textoffsetx>
				<textoffsety>-1</textoffsety>
				<font>footer_mpaa</font>
				<label>$VAR[GetMPAA]</label>
				<enable>false</enable>
        </control>
</include>

<!-- Color MPAA icons OSD -->
    <include name="MPAA_Details_RowUS_Footer_Color_osd">
	<include>Default_Visible_Fade</include>
	<!-- Icon display -->
	<control type="button">
			<visible>!String.IsEmpty(VideoPlayer.MPAA) | !String.IsEmpty(Container(99950).Player.mpaa)</visible>
				<posy>17</posy>
				<posx>0</posx>
				<height>46</height>
                <width min="50">auto</width>
				<align>center</align>
				<aligny>top</aligny>
				<textwidth>140</textwidth> 
				<textcolor>$INFO[Skin.String(MPAATextColor)]</textcolor>
				<disabledcolor>$INFO[Skin.String(MPAATextColor)]</disabledcolor>
				<colordiffuse>$VAR[MPAAColorsOSD]</colordiffuse>
				<texturenofocus border="10">bingie/usicons/usfooter/color.png</texturenofocus>
				<texturefocus border="10">bingie/usicons/usfooter/color.png</texturefocus>
				<textoffsetx>10</textoffsetx>
				<textoffsety>-1</textoffsety>
				<font>footer_mpaa</font>
				<label>$VAR[GetMPAAOSD]</label>
				<enable>false</enable>
        </control>
</include>

<!-- Color MPAA icons - Fixed size OSD -->
    <include name="MPAA_Details_RowUS_Footer_Color_Fixed_Size_osd">
	<include>Default_Visible_Fade</include>
	<!-- Icon display -->
	<control type="group">
			<visible>!String.IsEmpty(VideoPlayer.MPAA) | !String.IsEmpty(Container(99950).Player.mpaa)</visible>
			<height>46</height>
            <width>97</width>
	<control type="image">
			<top>17</top>
			<width>97</width>
			<height>46</height>
            <aspectratio>keep</aspectratio>
			<texture border="6">bingie/usicons/usfixedfooter/fixedfooter.png</texture>
			<colordiffuse>$INFO[Skin.String(PanelBorderColor)]</colordiffuse>
			<include>Default_Visible_Fade</include>
    </control>
	<control type="image">
			<right>3</right>
			<top>20</top>
			<width>91</width>
			<height>40</height>
            <aspectratio>keep</aspectratio>
			<texture border="4">bingie/usicons/usfixedfooter/fixedfooter2.png</texture>
			<colordiffuse>$VAR[MPAAColorsOSD]</colordiffuse>
			<include>Default_Visible_Fade</include>
    </control>
	<control type="label">
			<posy>17</posy>
			<align>center</align>
			<aligny>top</aligny>
			<textwidth>87</textwidth> 
			<textcolor>$INFO[Skin.String(MPAATextColor)]</textcolor>
			<textoffsetx>10</textoffsetx>
			<textoffsety>-1</textoffsety>
			<font>footer_mpaa</font>
			<label>$VAR[GetMPAAOSD]</label>
			<scroll>true</scroll>
    </control>
	</control>
</include>

<!-- White MPAA icons OSD -->
    <include name="MPAA_Details_RowUS_Footer_White_osd">
	<include>Default_Visible_Fade</include>
	<!-- Icon display -->
	<control type="button">
			<visible>!String.IsEmpty(VideoPlayer.MPAA) | !String.IsEmpty(Container(99950).Player.mpaa)</visible>
				<posy>17</posy>
				<posx>0</posx>
				<height>46</height>
                <width min="50">auto</width>
				<align>center</align>
				<aligny>top</aligny>
				<textwidth>140</textwidth> 
				<textcolor>$VAR[mediaFlagsFontColor]</textcolor>
				<disabledcolor>$VAR[mediaFlagsFontColor]</disabledcolor>
				<texturenofocus border="10" colordiffuse="$VAR[mediaFlagsFontColor]">bingie/usicons/usfooter/white.png</texturenofocus>
				<texturefocus border="10" colordiffuse="$VAR[mediaFlagsFontColor]">bingie/usicons/usfooter/white.png</texturefocus>
				<textoffsetx>10</textoffsetx>
				<textoffsety>-1</textoffsety>
				<font>footer_mpaa</font>
				<label>$VAR[GetMPAAOSD]</label>
				<enable>false</enable>
        </control>
	</include>

	<!-- MPAA UK Icons -->
    <include name="MPAA_Details_RowNew_OSD">
	<include>Default_Visible_Fade</include>
	<!-- Icon display -->
		<control type="image">
			<visible>[!String.IsEmpty(videoplayer.mpaa) + [String.Contains(videoplayer.mpaa,US:G) | String.Contains(videoplayer.mpaa,USA:G) | String.Contains(videoplayer.mpaa,Rated G) | String.IsEqual(videoplayer.mpaa,G) |
			String.Contains(videoplayer.mpaa,PG-13) | String.IsEqual(videoplayer.mpaa,US:PG) | String.IsEqual(videoplayer.mpaa,USA:PG) | String.IsEqual(videoplayer.mpaa,Rated PG) | String.IsEqual(videoplayer.mpaa,PG) |
			String.Contains(videoplayer.mpaa,US:R) | String.Contains(videoplayer.mpaa,USA:R) | String.Contains(videoplayer.mpaa,Rated R) | String.IsEqual(videoplayer.mpaa,R) | String.Contains(videoplayer.mpaa,NC-17) | String.Contains(videoplayer.mpaa,NR) |	
			String.IsEqual(videoplayer.mpaa,TV-Y) | String.Contains(videoplayer.mpaa,TV-Y7) | String.Contains(videoplayer.mpaa,TV-G) | String.Contains(videoplayer.mpaa,TV-PG) | String.Contains(videoplayer.mpaa,TV-14) | String.Contains(videoplayer.mpaa,TV-MA) | String.Contains(videoplayer.mpaa,UK:U) | String.Contains(videoplayer.mpaa,GB-U) | String.Contains(videoplayer.mpaa,Rated U) | String.IsEqual(videoplayer.mpaa,U) | 
			String.Contains(videoplayer.mpaa,UK:PG) | String.Contains(videoplayer.mpaa,GB-PG) | String.Contains(videoplayer.mpaa,Guidance) | String.Contains(videoplayer.mpaa,UK:12A) | String.Contains(videoplayer.mpaa,GB-12A) | String.Contains(videoplayer.mpaa,Rated 12A) | String.IsEqual(videoplayer.mpaa,12A) | String.IsEqual(videoplayer.mpaa,UK:12) | String.IsEqual(videoplayer.mpaa,GB-12) | String.IsEqual(videoplayer.mpaa,Rated 12) | String.IsEqual(videoplayer.mpaa,12) | 
			String.Contains(videoplayer.mpaa,UK:15) | String.Contains(videoplayer.mpaa,GB-15) | String.Contains(videoplayer.mpaa,Rated 15) | String.IsEqual(videoplayer.mpaa,15) | String.Contains(videoplayer.mpaa,Mature) | String.Contains(videoplayer.mpaa,UK:18) | String.Contains(videoplayer.mpaa,GB-18) | String.Contains(videoplayer.mpaa,Rated 18) | String.IsEqual(videoplayer.mpaa,18)]] 
			| [!String.IsEmpty(Container(99950).videoplayer.mpaa) + [String.Contains(Container(99950).videoplayer.mpaa,US:G) | String.Contains(Container(99950).videoplayer.mpaa,USA:G) | String.Contains(Container(99950).videoplayer.mpaa,Rated G) | String.IsEqual(Container(99950).videoplayer.mpaa,G) |
			String.Contains(Container(99950).videoplayer.mpaa,PG-13) | String.IsEqual(Container(99950).videoplayer.mpaa,US:PG) | String.IsEqual(Container(99950).videoplayer.mpaa,USA:PG) | String.IsEqual(Container(99950).videoplayer.mpaa,Rated PG) | String.IsEqual(Container(99950).videoplayer.mpaa,PG) |
			String.Contains(Container(99950).videoplayer.mpaa,US:R) | String.Contains(Container(99950).videoplayer.mpaa,USA:R) | String.Contains(Container(99950).videoplayer.mpaa,Rated R) | String.IsEqual(Container(99950).videoplayer.mpaa,R) | String.Contains(Container(99950).videoplayer.mpaa,NC-17) | String.Contains(Container(99950).videoplayer.mpaa,NR) | String.Contains(Container(99950).videoplayer.mpaa,Not) | String.Contains(Container(99950).videoplayer.mpaa,Unrated) | String.Contains(Container(99950).videoplayer.mpaa,Passed) | String.Contains(Container(99950).videoplayer.mpaa,Approved) | 
			String.IsEqual(Container(99950).videoplayer.mpaa,TV-Y) | String.Contains(Container(99950).videoplayer.mpaa,TV-Y7) | String.Contains(Container(99950).videoplayer.mpaa,TV-G) |String.Contains(Container(99950).videoplayer.mpaa,TV-PG) | String.Contains(Container(99950).videoplayer.mpaa,TV-14) | String.Contains(Container(99950).videoplayer.mpaa,TV-MA) | String.Contains(Container(99950).videoplayer.mpaa,USA:TV-MA) | String.Contains(Container(99950).videoplayer.mpaa,GB-U) | String.Contains(Container(99950).videoplayer.mpaa,Rated U) | String.IsEqual(Container(99950).videoplayer.mpaa,U) | 
			String.Contains(Container(99950).videoplayer.mpaa,UK:PG) | String.Contains(Container(99950).videoplayer.mpaa,GB-PG) | String.Contains(Container(99950).videoplayer.mpaa,Guidance) | String.Contains(Container(99950).videoplayer.mpaa,GB-12A) | String.Contains(Container(99950).videoplayer.mpaa,Rated 12A) | String.IsEqual(Container(99950).videoplayer.mpaa,12A) | String.IsEqual(Container(99950).videoplayer.mpaa,GB-12) | String.IsEqual(Container(99950).videoplayer.mpaa,Rated 12) | String.IsEqual(Container(99950).videoplayer.mpaa,12) | 
			String.Contains(Container(99950).videoplayer.mpaa,UK:15) | String.Contains(Container(99950).videoplayer.mpaa,GB-15) | String.Contains(Container(99950).videoplayer.mpaa,Rated 15) | String.IsEqual(Container(99950).videoplayer.mpaa,15) | String.Contains(Container(99950).videoplayer.mpaa,Mature) | String.Contains(Container(99950).videoplayer.mpaa,UK:18) | String.Contains(Container(99950).videoplayer.mpaa,GB-18) | String.Contains(Container(99950).videoplayer.mpaa,Rated 18) | String.IsEqual(Container(99950).videoplayer.mpaa,18)]]</visible>
			<posy>15</posy>
			<width>56</width>
			<height>50</height>
            <aspectratio>keep</aspectratio>
			<texture>$VAR[mediaflagsOSD_large_rating_UK_icons]</texture>
			<include>Default_Visible_Fade</include>
        </control>
    </include>
	
</includes>
