<?xml version="1.0" encoding="utf-8"?>
<!-- BINGIE -->
<includes>
    <include name="View_523_Bingie_Main_Landscape">
        <control type="group">
            <include>FullscreenDimensions</include>
            <visible>Control.IsVisible(523)</visible>
            <include>animation_view_change</include>

            <include content="Bingie_Main_Spotlight_Section">
                <param name="id" value="523" />
            </include>

            <!-- View 523 -->
            <control type="group">
				<visible>!Window.IsActive(DialogVideoInfo.xml)</visible>
				<include>Animation_Right_Home</include>
                <left>131</left>
                <top>560</top>
                <width>1660</width>
                <!-- Content Header -->
                <control type="label">
                    <width>100%</width>
                    <height>40</height>
					<posx>7</posx>
					<top>4</top>
                    <font>Bold31</font>
                    <align>left</align>
                    <textcolor>$INFO[Skin.String(BingieHeaderTextColor)]</textcolor>
                    <label>$VAR[BingieMainContentHeader] $INFO[Container(523).NumItems,(,)]</label>
                    <visible>Skin.HasSetting(EnableMediaCount) + Integer.IsGreater(Container(523).NumItems,0)</visible>
					<visible>!String.IsEmpty(ListItem.DBID) + !Container.Content(episodes) + !Container.Content(seasons) + !String.Contains(ListItem.Path,plugin://)</visible>
                </control>

                <include content="Bingie_Main_Landscape_View">
                    <param name="containerType" value="panel" />
                </include>
            </control>
			
		   <!-- scrollbar -->
            <control type="group">
                <control type="scrollbar" id="60">
					<texturesliderbackground border="5" colordiffuse="$INFO[Skin.String(ScrollbarBackgroundColor)]">scrollbar/texturesliderbar_small.png</texturesliderbackground>
					<texturesliderbar colordiffuse="$INFO[Skin.String(ScrollbarUnfocusedColor)]" border="5">scrollbar/texturesliderbar_small.png</texturesliderbar>
					<texturesliderbarfocus colordiffuse="$INFO[Skin.String(ScrollbarFocusedColor)]" border="5">scrollbar/texturesliderbar_small.png</texturesliderbarfocus>
					<textureslidernib colordiffuse="$INFO[Skin.String(ScrollbarUnfocusedColor)]">scrollbar/texturesliderbar_nib.png</textureslidernib>
					<textureslidernibfocus colordiffuse="$INFO[Skin.String(ScrollbarFocusedColor)]">scrollbar/texturesliderbar_nib.png</textureslidernibfocus>
                    <visible>Control.IsVisible(523) + Integer.IsGreater(Container.NumItems,0)</visible>
                    <width>10</width>
					<height>466</height>
                    <right>0</right>
                    <bottom>0</bottom>
                    <onleft>523</onleft>
                    <orientation>vertical</orientation>
                    <animation effect="fade" start="0" end="100" time="400" condition="[Control.HasFocus(60) | Container.Scrolling | String.IsEqual(Skin.String(scrollbar_visibility),always_show)]">Conditional</animation>
                    <animation effect="fade" start="100" end="0" time="400" condition="![Control.HasFocus(60) | Container.Scrolling | String.IsEqual(Skin.String(scrollbar_visibility),always_show)]">Conditional</animation>
                </control>
            </control>
        </control>
    </include>

    <!-- Container -->
    <include name="Bingie_Main_Landscape_View">
        <control type="$PARAM[containerType]" id="523">
            <viewtype label="31018">panel</viewtype>
            <include content="View_Forced">
                <param name="viewtype" value="$LOCALIZE[31018]" />
            </include>
            <focusedposition>0</focusedposition>
            <top>46</top>
            <width>1668</width>
            <height>470</height>
            <orientation>vertical</orientation>
            <itemgap>0</itemgap>
            <preloaditems>4</preloaditems>
            <pagecontrol>60</pagecontrol>
            <include>ScrollTime</include>
            <onright condition="Skin.HasSetting(EnableQuickJump) + Control.IsVisible(6002)">6000</onright>
            <onright condition="Skin.HasSetting(EnableQuickJump) + !Control.IsVisible(6002)">noop</onright>
            <onright condition="!Skin.HasSetting(EnableQuickJump)">60</onright>
			<onleft>9000</onleft>
            <onup>523</onup>
            <ondown>523</ondown>
			<onback>CancelAlarm(preview_delay,silent)</onback>
			<onback condition="!Player.HasAudio + $EXP[IsPlayingUnrecognizedContent] + [String.IsEqual(ListItem.DBType,movie) | String.IsEqual(ListItem.DBType,tvshow)] + Skin.HasSetting(View510_DetailsAutoTrailer)">PlayerControl(Stop)</onback>
            <onback>ClearProperty(HideNowPlaying)</onback>
			<itemlayout height="193" width="333">
                <control type="group">
                    <width>335</width>
                    <height>195</height>
                    <include>ThumbsViewItemBingieLayout</include>
					<control type="image">
						<!-- fallback logo image -->
						<height>195</height>
						<bottom>-50</bottom>
						<left>0</left>
						<bordersize>61</bordersize>
						<texture background="true">$VAR[ClearLogoFallback]</texture>
						<aspectratio scalediffuse="false" align="center" aligny="center">keep</aspectratio>
						<visible>String.IsEmpty(Listitem.Art(landscape)) + String.IsEmpty(ListItem.Property(landscape)) + !String.IsEqual(ListItem.DBTYPE,episode) + !String.IsEqual(ListItem.Property(DBTYPE),episode) + !Container.Content(episodes) + !String.IsEqual(ListItem.DBTYPE,season) + !String.IsEqual(ListItem.Property(DBTYPE),season)</visible>
						<visible>String.IsEmpty(ListItem.Property(defaultID))</visible>
					</control>
                </control>
            </itemlayout>
            <focusedlayout height="193" width="333">
                <control type="group">
                    <width>335</width>
                    <height>195</height>
                    <include>ThumbsViewBingieLayoutFocus</include>
					<control type="image">
						<!-- fallback logo image -->
						<height>195</height>
						<bottom>-50</bottom>
						<left>0</left>
						<bordersize>61</bordersize>
						<texture background="true">$VAR[ClearLogoFallback]</texture>
						<aspectratio scalediffuse="false" align="center" aligny="center">keep</aspectratio>
						<visible>String.IsEmpty(Listitem.Art(landscape)) + String.IsEmpty(ListItem.Property(landscape)) + !String.IsEqual(ListItem.DBTYPE,episode) + !String.IsEqual(ListItem.Property(DBTYPE),episode) + !Container.Content(episodes) + !String.IsEqual(ListItem.DBTYPE,season) + !String.IsEqual(ListItem.Property(DBTYPE),season)</visible>
						<visible>String.IsEmpty(ListItem.Property(defaultID))</visible>
					</control>
                    <include>LibraryAutoTrailerStopButton</include>
						<include content="LibraryAutoTrailerStartButton" condition="Skin.HasSetting(View523_DetailsAutoTrailer)">
							<param name="interval" value="$INFO[Skin.String(details_auto_trailer_interval)]" />
						</include>
                </control>
				<!--Top 250 1-->
				<control type="image">
				<visible>!Container.Content(episodes) + !Container.Content(seasons) + !String.IsEmpty(Control.GetLabel(8231)) + !Skin.HasSetting(DisableTop250Indicator) + Skin.HasSetting(EnableRatings)</visible>
				<posy>8</posy>
				<left>8</left>
                <height>60</height>
                <width>50</width>
				<aspectratio>keep</aspectratio>
                <texture>bingie/top250p.png</texture>
		        </control>
            </focusedlayout>
        </control>
    </include>
</includes>