<?xml version="1.0" encoding="UTF-8" standalone="yes"?>
<addon id="repository.cocoscrapers" name="CocoScrapers Repository" version="1.0.0" provider-name="CocoScrapers">
    <extension point="xbmc.addon.repository" name="CocoScrapers Repository">
        <dir minversion="19.0">
            <info compressed="false">https://raw.githubusercontent.com/not-coco-joe/repository.cocoscrapers/master/zips/addons.xml</info>
            <checksum>https://raw.githubusercontent.com/not-coco-joe/repository.cocoscrapers/master/zips/addons.xml.md5</checksum>
            <datadir zip="true">https://raw.githubusercontent.com/not-coco-joe/repository.cocoscrapers/master/zips/</datadir>
        </dir>
    </extension>
    <extension point="xbmc.addon.metadata">
        <platform>all</platform>
        <summary>CocoScrapers Repository</summary>
        <description>Unofficial add-ons repository</description>
    </extension>
</addon>
